,city_name,housing_units,housing_density,change_hunits,percent_of_rent_to_total,owned_homes,med_homeval,med_rental_rate,med_owner_cost,med_own_cost_aspercentof_income,med_hval_aspercentof_medearn,med_hcost_ownmortg,med_hcost_own_wo_mortg,hcost_aspercentof_hincome_ownmortg,hcost_as_perc_of_hincome_womortg,med_real_estate_taxes,family_members_per_hunit,median_num_ofrooms,median_year_house_built,household_size_of_howners,household_size_for_renters,med_year_moved_in_for_owners,med_year_renter_moved_in,studio_1000_1499,studio_1500_more,studio_750_999,onebed_1000_1499,onebed_1500_more,onebed_750_999,twobed_1000_1499,twobed_1500_more,twobed_750_999,threebed_1000_1499,threebed_1500_more,threebed_750_999
0,Adelanto,8751.0,156.2,-3.7,50.7,49.3,151600.0,1059.0,1093.0,24.0,427.0,1260.0,406.0,28.0,15.0,1766.0,4.4,5.5,1997.0,3.7,4.1,2007.0,2013.0,0.0,0.0,0.379,0.003,0.032,0.096,0.131,0.032,0.508,0.583,0.137,0.181
1,Agoura Hills,7674.0,984.7,1.2,25.6,74.4,745000.0,2261.0,2488.0,23.0,928.0,2943.0,844.0,26.0,10.0,5345.0,3.3,6.5,1980.0,2.8,2.8,2001.0,2012.0,0.0,1.0,0.0,0.105,0.895,0.0,0.064,0.899,0.038,0.0,0.962,0.0
2,Alameda city-CA,32414.0,3104.1,0.2,53.0,47.0,729100.0,1607.0,2259.0,21.0,1006.0,2833.0,679.0,24.0,10.0,6036.0,3.2,4.8,1962.0,2.7,2.4,2000.0,2011.0,0.397,0.312,0.142,0.461,0.394,0.058,0.261,0.633,0.019,0.119,0.667,0.036
3,Albany,7724.0,4319.4,-2.1,52.4,47.6,766000.0,1739.0,2501.0,21.0,991.0,3014.0,694.0,23.0,13.0,6975.0,3.2,4.5,1952.0,2.8,2.5,2002.0,2012.0,0.313,0.583,0.104,0.558,0.341,0.031,0.138,0.821,0.012,0.084,0.849,0.0
4,Alhambra,30990.0,4061.1,0.2,59.7,40.3,553800.0,1286.0,1629.0,22.0,1296.0,2256.0,508.0,27.0,12.0,3953.0,3.5,4.0,1958.0,3.0,2.8,2000.0,2011.0,0.432,0.042,0.291,0.568,0.051,0.24,0.575,0.312,0.054,0.18,0.629,0.039
5,Aliso Viejo,19786.0,2859.5,4.9,39.8,60.2,582300.0,2092.0,2559.0,23.0,752.0,2699.0,743.0,25.0,10.0,4975.0,3.3,5.1,1994.0,2.8,2.5,2005.0,2012.0,0.121,0.626,0.0,0.094,0.85,0.013,0.083,0.836,0.029,0.044,0.934,0.005
6,Alturas,1526.0,626.8,8.5,38.0,62.0,93300.0,759.0,657.0,23.0,287.0,850.0,376.0,42.0,12.0,951.0,2.8,5.1,1957.0,2.1,1.6,1999.0,2011.0,,,0.0,,,0.0,,,0.442,,,0.928
7,Amador City,123.0,392.0,13.9,54.7,45.3,275000.0,839.0,1175.0,17.0,653.0,1363.0,500.0,18.0,14.0,1442.0,2.8,4.8,1958.0,1.5,2.1,1997.0,2011.0,0.0,0.0,0.0,0.0,0.0,0.643,1.0,0.0,0.0,0.143,0.321,0.0
8,American Canyon,5666.0,931.8,-5.3,21.5,78.5,418600.0,1762.0,1911.0,22.0,763.0,2320.0,498.0,25.0,10.0,3680.0,4.1,6.2,1999.0,3.7,3.7,2006.0,2012.0,0.0,0.0,0.0,0.238,0.5,0.025,0.19,0.438,0.229,0.119,0.824,0.023
9,Anaheim,104533.0,2091.7,0.3,55.1,44.9,491400.0,1469.0,1934.0,23.0,1209.0,2305.0,537.0,27.0,10.0,3563.0,4.1,4.7,1972.0,3.5,3.4,2001.0,2012.0,0.493,0.258,0.103,0.599,0.199,0.092,0.392,0.536,0.024,0.135,0.774,0.021
10,Anderson,4183.0,656.5,-0.7,49.8,50.2,174000.0,804.0,1023.0,23.0,538.0,1175.0,359.0,25.0,13.0,1460.0,3.5,5.0,1976.0,2.7,2.5,2006.0,,0.0,0.0,0.0,0.0,0.0,0.135,0.316,0.011,0.271,0.515,0.066,0.27
11,Angels,1980.0,545.7,1.9,38.8,61.2,260800.0,831.0,1285.0,21.0,537.0,1739.0,537.0,26.0,15.0,2034.0,3.0,5.0,1984.0,2.1,2.1,2004.0,2011.0,0.0,0.0,0.0,0.0,0.0,0.383,0.082,0.225,0.198,0.652,0.252,0.0
12,Antioch,35721.0,1215.1,2.5,39.2,60.8,330900.0,1562.0,1762.0,23.0,661.0,2013.0,488.0,26.0,10.0,3157.0,3.8,6.0,1984.0,3.2,3.3,2004.0,2012.0,0.079,0.086,0.403,0.363,0.175,0.186,0.484,0.238,0.154,0.112,0.817,0.019
13,Arcadia,21253.0,1945.3,2.7,39.8,60.2,994400.0,1481.0,2287.0,23.0,1598.0,3248.0,809.0,27.0,13.0,6663.0,3.4,5.5,1965.0,3.0,2.9,2001.0,2012.0,0.683,0.146,0.139,0.743,0.055,0.12,0.462,0.481,0.022,0.075,0.79,0.0
14,Arcata,7919.0,871.0,2.6,62.7,37.3,335400.0,939.0,807.0,20.0,790.0,1509.0,456.0,26.0,12.0,1972.0,2.9,4.3,1972.0,2.2,2.3,1997.0,2013.0,0.0,0.0,0.421,0.06,0.022,0.461,0.496,0.106,0.285,0.087,0.725,0.045
15,Arroyo Grande,7847.0,1345.3,2.9,30.2,69.8,510400.0,1169.0,1631.0,20.0,894.0,2147.0,505.0,23.0,11.0,3670.0,3.1,5.4,1979.0,2.5,2.3,2003.0,2012.0,0.0,0.27,0.73,0.432,0.057,0.261,0.416,0.227,0.261,0.035,0.774,0.166
16,Artesia,4780.0,2949.4,1.8,49.4,50.6,437200.0,1471.0,1167.0,18.0,1093.0,1987.0,398.0,25.0,10.0,2844.0,4.2,5.0,1964.0,3.7,3.6,1996.0,2010.0,0.453,0.47,0.077,0.529,0.301,0.152,0.563,0.342,0.056,0.119,0.696,0.009
17,Arvin,5010.0,1039.6,11.9,54.0,46.0,132300.0,836.0,962.0,22.0,608.0,1113.0,338.0,27.0,11.0,1831.0,4.7,5.0,1985.0,4.3,4.5,2003.0,2012.0,0.0,0.0,0.0,0.019,0.0,0.09,0.044,0.036,0.326,0.417,0.031,0.371
18,Atascadero,11792.0,452.1,2.5,37.5,62.5,433900.0,1289.0,1756.0,22.0,768.0,2069.0,514.0,25.0,10.0,3269.0,3.2,5.4,1980.0,2.6,2.5,2004.0,2012.0,0.0,0.274,0.373,0.279,0.014,0.341,0.663,0.147,0.117,0.152,0.692,0.048
19,Atwater city-CA,9354.0,1529.9,-4.3,49.3,50.7,179400.0,942.0,1078.0,20.0,505.0,1355.0,400.0,22.0,12.0,1455.0,3.9,5.4,1977.0,3.0,3.5,2005.0,2012.0,0.0,0.0,0.185,0.039,0.0,0.171,0.099,0.019,0.345,0.583,0.066,0.221
20,Auburn city-CA,6220.0,869.4,1.3,44.7,55.3,393500.0,1106.0,1585.0,23.0,871.0,2036.0,579.0,27.0,12.0,3257.0,3.0,5.3,1977.0,2.3,2.2,2002.0,,0.262,0.427,0.252,0.246,0.055,0.178,0.574,0.081,0.274,0.269,0.485,0.065
21,Avenal city-CA,2339.0,120.4,-2.9,55.2,44.8,129900.0,744.0,734.0,16.0,447.0,795.0,331.0,26.0,10.0,972.0,4.5,4.6,1984.0,4.4,4.1,1998.0,2012.0,0.0,0.0,0.0,0.14,0.0,0.14,0.148,0.009,0.18,0.272,0.0,0.501
22,Azusa,13576.0,1405.9,1.4,47.1,52.9,367500.0,1316.0,1598.0,24.0,997.0,1925.0,428.0,28.0,10.0,2715.0,4.1,4.6,1971.0,3.4,3.5,2003.0,2011.0,0.271,0.017,0.428,0.652,0.038,0.216,0.634,0.231,0.042,0.136,0.609,0.063
23,Bakersfield city-CA,122829.0,826.2,1.7,43.0,57.0,228400.0,1035.0,1383.0,21.0,512.0,1614.0,469.0,23.0,10.0,2554.0,3.8,5.3,1987.0,3.2,3.2,2006.0,2013.0,0.13,0.042,0.228,0.136,0.046,0.293,0.318,0.056,0.43,0.404,0.358,0.137
24,Baldwin Park,18810.0,2836.6,6.1,43.5,56.5,357500.0,1357.0,1478.0,23.0,1119.0,1797.0,393.0,28.0,10.0,2912.0,4.7,4.9,1964.0,4.3,4.3,1999.0,2011.0,0.255,0.0,0.285,0.432,0.027,0.352,0.623,0.233,0.093,0.242,0.626,0.027
25,Banning,11892.0,514.8,-2.1,36.2,63.8,197500.0,990.0,770.0,23.0,602.0,1325.0,486.0,28.0,17.0,2078.0,3.6,5.2,1984.0,2.3,3.5,2005.0,2012.0,0.411,0.0,0.134,0.068,0.0,0.386,0.248,0.126,0.34,0.425,0.307,0.133
26,Barstow city-CA,9361.0,226.4,-2.0,54.9,45.1,99900.0,719.0,739.0,15.0,257.0,1080.0,341.0,19.0,10.0,805.0,3.6,4.7,1970.0,2.8,2.9,2001.0,2013.0,0.0,0.0,0.0,0.009,0.013,0.087,0.034,0.016,0.306,0.452,0.012,0.307
27,Beaumont,13896.0,448.7,7.7,25.9,74.1,275200.0,1239.0,1686.0,24.0,531.0,1924.0,605.0,26.0,13.0,4692.0,3.8,6.1,2003.0,3.2,3.5,2009.0,2012.0,0.0,0.0,0.222,0.02,0.027,0.354,0.249,0.158,0.445,0.159,0.679,0.057
28,Bell Gardens,9881.0,4019.0,-1.1,77.8,22.2,347300.0,1153.0,1442.0,27.0,1357.0,1760.0,346.0,33.0,10.0,3173.0,4.7,4.1,1958.0,4.5,4.4,2000.0,2010.0,0.058,0.016,0.383,0.288,0.008,0.49,0.757,0.067,0.152,0.341,0.565,0.037
29,Bellflower,25127.0,4107.3,0.9,60.0,40.0,398000.0,1263.0,1651.0,22.0,991.0,2044.0,441.0,27.0,10.0,3059.0,4.0,4.4,1962.0,3.6,3.1,2002.0,2011.0,0.309,0.108,0.265,0.486,0.027,0.344,0.584,0.313,0.052,0.098,0.769,0.047
30,Belmont,10762.0,2326.7,-2.4,40.0,60.0,1174200.0,1913.0,2947.0,20.0,1090.0,3763.0,757.0,23.0,10.0,8167.0,3.2,5.2,1965.0,2.8,2.2,2000.0,2012.0,0.228,0.439,0.211,0.183,0.749,0.03,0.013,0.93,0.022,0.028,0.803,0.061
31,Belvedere,1079.0,2077.5,3.3,19.2,80.8,2000001.0,2408.0,3694.0,20.0,987.0,4001.0,1501.0,31.0,12.0,10001.0,2.8,6.6,1958.0,2.2,2.2,1995.0,2011.0,0.0,0.0,0.0,0.138,0.862,0.0,0.065,0.857,0.078,0.143,0.814,0.0
32,Berkeley city-CA,49137.0,4695.0,-0.6,57.1,42.9,861800.0,1523.0,2218.0,20.0,1265.0,2977.0,821.0,24.0,10.0,6720.0,3.0,4.4,1941.0,2.5,2.2,1997.0,2012.0,0.356,0.219,0.21,0.353,0.41,0.079,0.195,0.654,0.067,0.186,0.635,0.051
33,Beverly Hills,17145.0,3003.6,4.6,58.9,41.1,2000001.0,2036.0,3685.0,26.0,2422.0,4001.0,1501.0,32.0,16.0,10001.0,3.2,4.7,1953.0,2.7,2.0,1999.0,2012.0,0.488,0.298,0.091,0.199,0.691,0.021,0.067,0.885,0.008,0.079,0.804,0.0
34,Big Bear Lake,9586.0,1510.4,-1.2,44.2,55.8,384100.0,925.0,1292.0,21.0,928.0,1843.0,617.0,24.0,16.0,2994.0,3.1,4.5,1977.0,2.3,2.5,2003.0,2012.0,0.0,0.0,0.0,0.14,0.056,0.042,0.331,0.0,0.326,0.55,0.259,0.117
35,Biggs,610.0,959.7,-1.1,38.8,61.2,151100.0,888.0,1112.0,20.0,431.0,1174.0,450.0,22.0,12.0,1092.0,3.9,5.2,1976.0,3.3,3.6,1997.0,2011.0,0.0,,0.0,0.0,,0.0,0.173,,0.357,0.46,,0.355
36,Bishop,1881.0,1009.2,-2.3,57.2,42.8,286800.0,873.0,753.0,16.0,618.0,1709.0,475.0,28.0,10.0,1485.0,3.4,4.4,1967.0,2.5,1.8,2003.0,2011.0,0.0,0.113,0.258,0.068,0.0,0.486,0.234,0.039,0.405,0.574,0.426,0.0
37,Blue Lake,554.0,934.5,-3.1,45.1,54.9,254000.0,1053.0,1092.0,17.0,716.0,1520.0,353.0,27.0,10.0,1289.0,2.7,4.9,1955.0,2.2,2.7,2002.0,2011.0,0.0,0.0,0.0,0.091,0.0,0.303,0.818,0.0,0.17,0.476,0.061,0.061
38,Blythe city-CA,6426.0,245.4,17.4,46.7,53.3,134000.0,720.0,864.0,20.0,328.0,1306.0,428.0,24.0,12.0,1024.0,3.5,4.6,1973.0,2.6,2.6,2001.0,2012.0,0.0,0.0,0.058,0.19,0.0,0.181,0.057,0.032,0.31,0.242,0.112,0.175
39,Bradbury,418.0,213.5,4.5,16.8,83.2,1595200.0,1188.0,3227.0,26.0,1810.0,4001.0,1500.0,30.0,14.0,10001.0,3.4,7.7,1973.0,3.0,3.8,2000.0,2008.0,0.0,0.0,0.0,0.333,0.0,0.667,0.0,0.25,0.0,0.162,0.081,0.0
40,Brawley city-CA,8465.0,1102.0,2.8,47.3,52.7,158000.0,822.0,974.0,19.0,421.0,1256.0,449.0,22.0,14.0,1406.0,4.4,5.0,1982.0,3.5,3.8,2000.0,2012.0,0.0,0.0,0.056,0.06,0.0,0.174,0.212,0.008,0.385,0.327,0.177,0.249
41,Brea,15616.0,1280.7,5.6,38.9,61.1,610700.0,1698.0,2132.0,23.0,962.0,2545.0,598.0,26.0,11.0,4050.0,3.3,5.6,1976.0,2.9,2.6,2001.0,2012.0,0.553,0.322,0.048,0.402,0.374,0.098,0.181,0.763,0.013,0.085,0.851,0.026
42,Brentwood,19624.0,1321.4,12.0,25.1,74.9,482600.0,2038.0,2240.0,24.0,686.0,2548.0,770.0,26.0,14.0,5422.0,3.5,6.8,2002.0,3.0,3.4,2007.0,2012.0,0.0,0.44,0.56,0.36,0.034,0.154,0.218,0.565,0.098,0.109,0.832,0.02
43,Brisbane,1948.0,629.3,0.7,29.2,70.8,699800.0,1698.0,2344.0,25.0,958.0,3214.0,598.0,30.0,14.0,5863.0,3.2,5.0,1981.0,2.6,2.0,2004.0,2010.0,1.0,0.0,0.0,0.395,0.425,0.14,0.248,0.626,0.126,0.0,1.0,0.0
44,Buellton,2033.0,1285.0,10.2,29.8,70.2,410200.0,1357.0,1553.0,22.0,785.0,1988.0,393.0,24.0,12.0,2810.0,3.2,5.0,1982.0,2.5,3.0,2003.0,2011.0,0.367,0.0,0.139,1.0,0.0,0.0,0.509,0.0,0.106,0.172,0.744,0.0
45,Buena Park,24060.0,2287.1,-2.3,45.1,54.9,482300.0,1484.0,1879.0,22.0,1105.0,2189.0,461.0,26.0,10.0,3227.0,4.0,5.3,1963.0,3.5,3.6,2000.0,2012.0,0.521,0.0,0.32,0.611,0.11,0.147,0.522,0.437,0.009,0.134,0.793,0.005
46,Burbank,43323.0,2496.4,-2.2,59.0,41.0,646000.0,1539.0,2202.0,22.0,1112.0,2694.0,542.0,27.0,11.0,3990.0,3.3,4.4,1959.0,2.8,2.3,2000.0,2011.0,0.419,0.301,0.198,0.538,0.227,0.098,0.205,0.738,0.035,0.147,0.789,0.022
47,Burlingame,12691.0,2880.8,-2.6,52.1,47.9,1591600.0,1961.0,3191.0,20.0,1708.0,4001.0,878.0,24.0,11.0,7763.0,3.2,4.7,1958.0,2.9,2.1,1999.0,2012.0,0.333,0.527,0.102,0.29,0.686,0.017,0.028,0.908,0.024,0.102,0.781,0.0
48,Calabasas,9353.0,682.4,5.4,30.1,69.9,976300.0,2289.0,3091.0,27.0,1105.0,3840.0,1107.0,30.0,12.0,7467.0,3.2,6.3,1984.0,2.8,2.5,2002.0,,0.362,0.5,,0.071,0.915,,0.019,0.937,,0.039,0.961,
49,Calexico city-CA,11196.0,1297.0,5.1,47.5,52.5,182900.0,859.0,1185.0,22.0,563.0,1383.0,430.0,26.0,11.0,1675.0,5.0,5.4,1992.0,4.6,4.1,2004.0,2011.0,0.0,0.0,0.0,0.092,0.0,0.069,0.102,0.0,0.447,0.45,0.131,0.154
50,California City,4833.0,23.7,-7.2,49.3,50.7,102000.0,915.0,850.0,17.0,250.0,1014.0,353.0,20.0,10.0,1027.0,3.5,5.3,1991.0,2.6,3.1,2004.0,,0.0,0.0,0.0,0.0,0.104,0.0,0.17,0.071,0.164,0.562,0.052,0.213
51,Calimesa,3866.0,260.4,4.9,16.1,83.9,168700.0,990.0,936.0,21.0,291.0,1582.0,468.0,26.0,16.0,1500.0,3.3,5.4,1976.0,2.5,2.7,2005.0,2010.0,0.0,0.0,0.0,0.0,0.341,0.0,0.296,0.0,0.292,0.369,0.38,0.166
52,Calipatria,1249.0,336.1,11.4,50.2,49.8,93200.0,722.0,771.0,20.0,240.0,915.0,275.0,22.0,10.0,905.0,4.2,4.8,1987.0,3.3,4.2,1998.0,,0.0,,0.0,0.0,,0.0,0.0,,0.352,0.251,,0.319
53,Calistoga,2330.0,896.8,0.5,41.1,58.9,475800.0,1153.0,1212.0,26.0,1122.0,2403.0,676.0,28.0,17.0,3612.0,3.3,4.8,1975.0,2.4,2.9,2000.0,2011.0,0.0,0.0,1.0,0.632,0.0,0.296,0.498,0.333,0.0,0.299,0.267,0.054
54,Camarillo city-CA,25535.0,1307.3,-0.6,32.9,67.1,541600.0,1868.0,2001.0,22.0,846.0,2453.0,588.0,25.0,10.0,3836.0,3.3,5.8,1980.0,2.7,2.7,2003.0,2013.0,0.34,0.503,0.038,0.408,0.42,0.086,0.17,0.749,0.028,0.05,0.883,0.002
55,Campbell,16898.0,2908.8,-0.3,50.1,49.9,884600.0,1923.0,2634.0,21.0,1155.0,3234.0,643.0,25.0,10.0,6124.0,3.2,4.7,1971.0,2.7,2.5,2002.0,2012.0,0.262,0.548,0.05,0.187,0.684,0.008,0.14,0.782,0.012,0.011,0.93,0.025
56,Canyon Lake,4584.0,1172.0,1.1,21.1,78.9,394900.0,1804.0,2072.0,25.0,627.0,2357.0,589.0,26.0,16.0,3405.0,3.3,6.3,1985.0,2.6,3.2,2005.0,2012.0,0.0,0.0,,1.0,0.0,,0.382,0.303,,0.069,0.845,
57,Capitola,5212.0,3271.5,-5.8,52.3,47.7,585100.0,1688.0,1585.0,25.0,1121.0,2390.0,574.0,28.0,18.0,4249.0,3.0,4.3,1973.0,2.1,2.3,2002.0,2012.0,0.178,0.144,0.511,0.487,0.399,0.113,0.222,0.677,0.013,0.038,0.717,0.189
58,Carlsbad,47119.0,1248.9,5.5,35.0,65.0,713600.0,1918.0,2557.0,22.0,885.0,3043.0,688.0,24.0,11.0,5451.0,3.1,5.7,1987.0,2.7,2.5,2005.0,2012.0,0.262,0.598,0.052,0.459,0.377,0.09,0.195,0.745,0.013,0.119,0.824,0.012
59,Carpinteria city-CA,5961.0,2305.2,9.8,47.0,53.0,617000.0,1764.0,1798.0,22.0,1292.0,2646.0,593.0,25.0,13.0,4474.0,3.3,4.9,1974.0,2.7,2.6,2001.0,2011.0,0.241,0.462,0.297,0.357,0.444,0.169,0.093,0.803,0.056,0.061,0.54,0.159
60,Carson,26119.0,1395.0,-0.4,25.5,74.5,402500.0,1445.0,1670.0,22.0,937.0,2070.0,424.0,25.0,10.0,3089.0,4.2,5.5,1965.0,3.5,3.9,1999.0,2011.0,0.236,0.274,0.284,0.218,0.205,0.249,0.489,0.268,0.066,0.204,0.643,0.032
61,Cathedral City,22279.0,1036.3,6.1,39.8,60.2,232400.0,1160.0,1179.0,25.0,679.0,1585.0,591.0,31.0,14.0,2517.0,3.9,4.7,1986.0,2.9,3.2,2005.0,2012.0,0.264,0.054,0.165,0.113,0.007,0.192,0.549,0.109,0.232,0.488,0.377,0.052
62,Ceres,13636.0,1461.8,-0.3,40.3,59.7,218300.0,1081.0,1250.0,23.0,578.0,1439.0,425.0,27.0,11.0,1673.0,4.0,5.5,1985.0,3.6,3.6,2005.0,2012.0,0.0,0.0,0.526,0.176,0.0,0.281,0.328,0.017,0.502,0.499,0.256,0.078
63,Cerritos,16370.0,1876.9,3.2,21.1,78.9,638600.0,2215.0,1803.0,20.0,992.0,2548.0,499.0,25.0,10.0,3818.0,3.6,6.1,1973.0,3.1,3.5,1994.0,2012.0,0.04,0.906,0.0,0.337,0.53,0.058,0.222,0.641,0.022,0.032,0.853,0.01
64,Chico city-CA,39872.0,1210.1,7.6,55.6,44.4,286700.0,977.0,1250.0,20.0,664.0,1658.0,491.0,23.0,11.0,2316.0,3.2,4.8,1981.0,2.5,2.4,2004.0,2013.0,0.078,0.037,0.18,0.111,0.029,0.394,0.369,0.041,0.421,0.37,0.402,0.129
65,Chino,20667.0,696.7,-5.2,36.7,63.3,400900.0,1516.0,1903.0,24.0,856.0,2146.0,516.0,27.0,10.0,3193.0,4.0,5.7,1982.0,3.5,3.4,2003.0,2012.0,0.368,0.395,0.046,0.528,0.064,0.233,0.511,0.367,0.041,0.122,0.737,0.038
66,Chino Hills,25145.0,562.7,6.5,23.1,76.9,567200.0,1939.0,2193.0,24.0,849.0,2489.0,691.0,26.0,12.0,4667.0,3.6,6.4,1989.0,3.3,3.0,2002.0,2013.0,0.817,0.183,0.0,0.215,0.695,0.082,0.162,0.811,0.0,0.103,0.815,0.014
67,Chula Vista,85426.0,1721.2,7.6,42.0,58.0,433500.0,1441.0,2069.0,24.0,878.0,2405.0,468.0,28.0,10.0,4195.0,3.9,5.1,1983.0,3.4,3.2,2005.0,2012.0,0.175,0.089,0.38,0.409,0.089,0.368,0.482,0.401,0.059,0.101,0.78,0.028
68,Citrus Heights,35309.0,2481.6,0.7,44.9,55.1,246600.0,1112.0,1321.0,22.0,554.0,1562.0,456.0,24.0,11.0,1834.0,3.2,5.2,1976.0,2.5,2.5,2003.0,2012.0,0.217,0.061,0.548,0.363,0.014,0.562,0.591,0.047,0.298,0.361,0.478,0.047
69,Claremont,12420.0,930.2,2.2,34.1,65.9,605700.0,1465.0,2116.0,21.0,805.0,2674.0,2674.0,24.0,10.0,4341.0,3.3,6.1,1965.0,2.9,2.3,1999.0,2012.0,0.532,0.13,0.12,0.325,0.065,0.443,0.345,0.486,0.084,0.111,0.77,0.049
70,Clayton,4308.0,1121.8,5.4,6.5,93.5,667400.0,2502.0,2806.0,22.0,660.0,3090.0,763.0,23.0,10.0,5685.0,3.3,7.1,1984.0,2.8,3.4,2001.0,2011.0,0.0,0.0,,0.314,0.371,,0.0,0.569,,0.0,0.899,
71,Clearlake city-CA,8370.0,826.3,4.2,50.2,49.8,93900.0,822.0,596.0,23.0,349.0,1107.0,386.0,32.0,15.0,1018.0,3.3,4.6,1976.0,2.2,2.6,2005.0,2012.0,0.0,0.0,0.0,0.035,0.028,0.102,0.244,0.0,0.359,0.312,0.165,0.276
72,Cloverdale,3331.0,1097.1,-2.8,31.7,68.3,355200.0,1171.0,1635.0,22.0,836.0,1880.0,529.0,23.0,13.0,3547.0,3.4,5.0,1986.0,2.7,2.8,2004.0,2011.0,0.0,0.0,0.0,0.203,0.091,0.137,0.553,0.15,0.196,0.201,0.799,0.0
73,Clovis,37217.0,1545.9,5.4,39.5,60.5,284200.0,1140.0,1565.0,20.0,531.0,1839.0,519.0,23.0,11.0,2683.0,3.5,5.7,1991.0,3.0,2.9,2006.0,2013.0,0.078,0.211,0.285,0.191,0.048,0.379,0.402,0.069,0.368,0.364,0.494,0.059
74,Coalinga city-CA,4653.0,697.0,7.1,45.5,54.5,161100.0,845.0,1157.0,18.0,335.0,1411.0,432.0,22.0,10.0,1392.0,3.7,4.9,1983.0,3.2,2.7,2004.0,2013.0,0.0,0.0,0.0,0.11,0.0,0.31,0.301,0.0,0.292,0.383,0.156,0.311
75,Colfax,977.0,694.9,5.2,58.7,41.3,182800.0,1140.0,1262.0,30.0,413.0,1415.0,485.0,34.0,17.0,1658.0,3.1,4.9,1978.0,2.1,2.6,2009.0,2011.0,0.0,0.0,0.0,0.0,0.0,0.165,0.455,0.076,0.394,0.285,0.715,0.0
76,Colton,18281.0,1193.0,11.8,48.6,51.4,212100.0,1085.0,1188.0,22.0,585.0,1482.0,417.0,27.0,12.0,1854.0,3.9,4.8,1979.0,3.5,3.1,2002.0,2012.0,0.035,0.242,0.487,0.323,0.014,0.451,0.595,0.044,0.263,0.359,0.435,0.065
77,Colusa,2323.0,1266.5,1.8,39.8,60.2,194900.0,805.0,1106.0,21.0,533.0,1378.0,397.0,28.0,10.0,1308.0,3.4,5.1,1971.0,2.6,3.1,2001.0,2011.0,0.0,0.0,0.0,0.0,0.0,0.033,0.079,0.041,0.457,0.699,0.082,0.086
78,Commerce,3731.0,570.7,7.5,57.8,42.2,357200.0,1014.0,1333.0,24.0,1068.0,1729.0,368.0,32.0,12.0,2874.0,4.3,4.7,1956.0,3.9,3.4,1993.0,2008.0,0.0,0.0,0.559,0.163,0.0,0.38,0.557,0.118,0.242,0.279,0.451,0.101
79,Compton city-CA,24884.0,2485.4,1.5,45.7,54.3,287300.0,1139.0,1511.0,27.0,907.0,1692.0,410.0,31.0,11.0,2829.0,4.6,4.9,1955.0,4.1,4.1,2001.0,2010.0,0.274,0.0,0.218,0.256,0.025,0.517,0.517,0.158,0.16,0.233,0.535,0.097
80,Concord,47822.0,1565.7,1.5,40.5,59.5,461700.0,1459.0,1830.0,22.0,817.0,2253.0,517.0,26.0,10.0,3241.0,3.4,5.3,1970.0,2.7,2.9,2001.0,2012.0,0.374,0.276,0.177,0.574,0.151,0.137,0.52,0.409,0.03,0.15,0.762,0.016
81,Corcoran city-CA,4198.0,559.4,6.1,54.3,45.7,122700.0,794.0,872.0,20.0,349.0,1025.0,361.0,25.0,10.0,989.0,4.1,5.0,1980.0,3.2,3.6,2000.0,2012.0,0.253,0.0,0.149,0.0,0.0,0.091,0.051,0.0,0.447,0.324,0.112,0.231
82,Corning,2900.0,817.0,1.0,52.8,47.2,155300.0,744.0,985.0,22.0,490.0,1126.0,303.0,28.0,10.0,1031.0,3.6,4.7,1981.0,2.6,3.1,2003.0,2012.0,0.301,0.0,0.0,0.0,0.0,0.05,0.0,0.0,0.476,0.473,0.065,0.331
83,Corona city-CA,51774.0,1333.1,9.8,35.1,64.9,411600.0,1462.0,1984.0,24.0,822.0,2240.0,566.0,27.0,11.0,3638.0,3.9,6.0,1989.0,3.4,3.1,2005.0,2012.0,0.279,0.343,0.075,0.46,0.112,0.307,0.574,0.315,0.06,0.114,0.802,0.025
84,Coronado,10760.0,1356.7,11.7,50.8,49.2,1423600.0,2366.0,2555.0,24.0,1735.0,3662.0,1026.0,30.0,13.0,6979.0,3.0,5.0,1972.0,2.2,2.5,2001.0,2013.0,0.261,0.537,0.138,0.198,0.602,0.109,0.15,0.786,0.01,0.014,0.912,0.004
85,Costa Mesa,42476.0,2701.4,0.8,60.9,39.1,671800.0,1722.0,2122.0,23.0,1316.0,2610.0,513.0,26.0,10.0,4156.0,3.5,4.4,1970.0,2.7,2.7,2000.0,2012.0,0.301,0.404,0.202,0.436,0.497,0.024,0.204,0.754,0.016,0.083,0.82,0.011
86,Cotati,3038.0,1616.0,-3.3,41.9,58.1,429700.0,1327.0,1624.0,24.0,838.0,2066.0,658.0,26.0,12.0,3382.0,3.2,4.9,1984.0,2.5,2.7,2002.0,2011.0,0.198,0.321,0.481,0.298,0.064,0.163,0.592,0.238,0.055,0.194,0.709,0.097
87,Covina,15887.0,2260.5,-4.2,43.3,56.7,441100.0,1340.0,1826.0,22.0,928.0,2158.0,497.0,25.0,10.0,3266.0,3.8,5.4,1960.0,3.2,3.1,2001.0,2011.0,0.275,0.189,0.318,0.641,0.039,0.243,0.618,0.303,0.033,0.197,0.692,0.016
88,Crescent City,1869.0,951.9,-1.9,69.2,30.8,120400.0,733.0,907.0,21.0,343.0,980.0,320.0,27.0,13.0,1399.0,3.3,4.6,1966.0,2.3,2.2,2003.0,2011.0,0.308,0.0,0.0,0.044,0.0,0.23,0.032,0.0,0.32,0.686,0.079,0.071
89,Cudahy,5694.0,4845.9,-1.3,85.3,14.7,327500.0,1190.0,1372.0,22.0,1210.0,1764.0,310.0,32.0,10.0,3455.0,4.7,4.2,1958.0,4.2,4.4,2001.0,2010.0,0.294,0.0,0.382,0.267,0.014,0.474,0.804,0.084,0.066,0.399,0.541,0.024
90,Culver City,17373.0,3399.2,-0.7,46.6,53.4,735600.0,1758.0,2034.0,22.0,1114.0,2752.0,588.0,27.0,12.0,4694.0,3.2,4.2,1964.0,2.5,2.2,2000.0,2012.0,0.319,0.409,0.183,0.326,0.519,0.084,0.131,0.783,0.03,0.086,0.812,0.045
91,Cupertino,22112.0,1954.9,5.2,37.6,62.4,1372800.0,2829.0,2932.0,19.0,1089.0,3760.0,789.0,24.0,10.0,9062.0,3.4,5.3,1973.0,2.9,3.0,2001.0,2012.0,0.039,0.574,0.045,0.04,0.888,0.0,0.031,0.933,0.0,0.056,0.889,0.0
92,Cypress,16266.0,2459.0,1.2,32.8,67.2,576500.0,1751.0,2000.0,22.0,952.0,2490.0,529.0,26.0,10.0,3787.0,3.5,5.8,1970.0,3.1,3.1,1999.0,2012.0,0.142,0.319,0.0,0.534,0.257,0.032,0.376,0.569,0.03,0.051,0.862,0.022
93,Daly City,32451.0,4247.3,-0.4,43.1,56.9,651600.0,1899.0,2062.0,22.0,1375.0,2589.0,553.0,27.0,10.0,4091.0,4.0,4.8,1966.0,3.5,3.3,1996.0,2011.0,0.238,0.67,0.047,0.282,0.597,0.035,0.112,0.79,0.019,0.079,0.807,0.024
94,Dana Point,17244.0,2653.2,8.2,39.7,60.3,833800.0,1941.0,2443.0,23.0,1179.0,3131.0,722.0,31.0,11.0,5308.0,3.0,5.5,1978.0,2.2,2.4,2001.0,2012.0,0.822,0.0,0.118,0.398,0.482,0.075,0.104,0.835,0.007,0.026,0.926,0.01
95,Davis city-CA,25642.0,2593.5,-0.9,56.1,43.9,594000.0,1377.0,1901.0,17.0,882.0,2468.0,638.0,21.0,10.0,4810.0,3.0,5.0,1980.0,2.6,2.7,2001.0,2013.0,0.405,0.05,0.271,0.624,0.077,0.189,0.53,0.326,0.061,0.114,0.724,0.037
96,Del Mar,2855.0,1672.7,10.0,46.1,53.9,2000001.0,1987.0,2987.0,22.0,2554.0,4001.0,932.0,30.0,10.0,9486.0,2.4,4.9,1970.0,2.1,1.7,1998.0,2011.0,,1.0,,,1.0,,,1.0,,,1.0,
97,Del Rey Oaks,737.0,1535.5,-0.5,29.8,70.2,480100.0,2074.0,1691.0,21.0,735.0,2375.0,392.0,26.0,10.0,2872.0,3.3,5.6,1958.0,2.5,2.8,1993.0,2012.0,0.0,0.0,1.0,0.312,0.688,0.0,0.0,0.914,0.0,0.0,0.87,0.0
98,Delano,11977.0,837.4,11.8,40.8,59.2,167900.0,826.0,964.0,22.0,551.0,1193.0,376.0,26.0,12.0,1495.0,4.3,5.0,1982.0,4.0,3.8,2003.0,2011.0,0.048,0.0,0.145,0.03,0.0,0.266,0.154,0.0,0.507,0.44,0.055,0.294
99,Desert Hot Springs city-CA,11854.0,392.5,8.7,56.3,43.7,154600.0,918.0,932.0,23.0,481.0,1228.0,408.0,29.0,13.0,1815.0,3.9,4.5,1988.0,2.8,3.1,2006.0,2012.0,0.062,0.0,0.0,0.024,0.0,0.328,0.181,0.034,0.446,0.524,0.142,0.223
100,Diamond Bar,18525.0,1244.9,0.4,22.8,77.2,614800.0,1935.0,1951.0,23.0,1004.0,2397.0,658.0,26.0,11.0,4577.0,3.5,6.2,1980.0,3.1,3.3,1999.0,2012.0,0.148,0.533,0.319,0.333,0.457,0.066,0.178,0.73,0.015,0.035,0.836,0.018
101,Dinuba city-CA,6306.0,974.6,7.5,49.9,50.1,164800.0,891.0,1076.0,21.0,532.0,1272.0,367.0,25.0,10.0,1264.0,4.2,5.2,1980.0,3.7,4.0,2001.0,2012.0,0.37,0.0,0.0,0.0,0.0,0.111,0.141,0.054,0.391,0.424,0.135,0.332
102,Dixon city-CA,6204.0,870.4,0.5,30.6,69.4,331800.0,1243.0,1669.0,25.0,758.0,1842.0,480.0,27.0,10.0,2668.0,3.7,5.6,1988.0,3.1,3.7,2002.0,2012.0,0.0,0.0,1.0,0.103,0.015,0.481,0.636,0.15,0.184,0.322,0.678,0.0
103,Dorris,417.0,593.6,0.7,44.0,56.0,103200.0,669.0,512.0,19.0,352.0,778.0,375.0,32.0,13.0,824.0,3.3,4.7,1966.0,2.6,2.5,2003.0,2012.0,0.0,,0.0,0.5,,0.0,0.038,,0.038,0.289,,0.311
104,Dos Palos,1507.0,1117.0,-11.4,31.4,68.6,100100.0,790.0,703.0,18.0,274.0,991.0,338.0,28.0,10.0,806.0,4.0,5.0,1976.0,3.4,3.9,2003.0,2012.0,0.0,,0.0,0.0,,0.0,0.045,,0.467,0.605,,0.186
105,Downey,34159.0,2753.0,-4.1,49.2,50.8,479500.0,1313.0,1912.0,24.0,1144.0,2366.0,478.0,30.0,10.0,3681.0,4.0,4.9,1958.0,3.6,3.3,2000.0,2012.0,0.608,0.053,0.256,0.595,0.038,0.32,0.579,0.339,0.04,0.119,0.818,0.027
106,Duarte,7174.0,1072.3,-1.1,36.2,63.8,422000.0,1489.0,1667.0,22.0,897.0,1994.0,486.0,26.0,10.0,3178.0,3.8,5.3,1964.0,3.2,2.9,2001.0,2011.0,0.183,0.532,0.0,0.189,0.157,0.265,0.386,0.528,0.014,0.14,0.584,0.017
107,Dublin,19587.0,1285.8,24.1,34.2,65.8,756800.0,2353.0,2984.0,23.0,756.0,3294.0,731.0,24.0,10.0,7022.0,3.3,5.8,1999.0,3.0,2.6,2008.0,2013.0,0.086,0.81,0.043,0.055,0.779,0.127,0.099,0.851,0.0,0.058,0.854,0.049
108,Dunsmuir,1151.0,717.4,3.7,45.4,54.6,152100.0,903.0,752.0,23.0,488.0,1117.0,372.0,34.0,14.0,916.0,2.7,5.0,1944.0,1.9,2.4,1996.0,2011.0,0.0,0.0,0.0,0.0,0.0,0.18,0.098,0.0,0.439,0.543,0.073,0.344
109,East Palo Alto,7956.0,3174.5,1.8,64.0,36.0,600200.0,1613.0,2135.0,26.0,1685.0,2596.0,645.0,31.0,13.0,5095.0,4.8,4.3,1968.0,3.9,3.9,2002.0,2011.0,0.287,0.242,0.308,0.572,0.258,0.08,0.239,0.659,0.026,0.084,0.813,0.006
110,Eastvale,15400.0,1216.1,6.3,24.2,75.8,496000.0,2526.0,2638.0,26.0,802.0,2767.0,864.0,28.0,13.0,6954.0,4.5,7.6,2005.0,4.0,4.4,2009.0,2012.0,0.0,1.0,0.0,0.0,0.853,0.0,0.086,0.914,0.0,0.057,0.836,0.021
111,El Cajon,33600.0,2320.7,-6.3,61.8,38.2,403700.0,1185.0,1565.0,22.0,992.0,2099.0,526.0,26.0,11.0,2757.0,3.7,4.4,1973.0,2.9,3.2,2002.0,2012.0,0.377,0.065,0.233,0.422,0.026,0.43,0.692,0.145,0.06,0.155,0.71,0.021
112,El Centro city-CA,13864.0,1236.7,-4.2,50.4,49.6,172800.0,768.0,1060.0,20.0,422.0,1524.0,461.0,24.0,10.0,1499.0,4.3,4.8,1977.0,3.9,3.5,2003.0,2011.0,0.026,0.0,0.0,0.042,0.018,0.158,0.123,0.011,0.444,0.393,0.158,0.151
113,El Cerrito,10455.0,2859.0,-2.4,40.0,60.0,682300.0,1690.0,2113.0,21.0,934.0,2795.0,590.0,25.0,10.0,5648.0,3.0,5.3,1955.0,2.5,2.5,2000.0,2012.0,0.141,0.462,0.196,0.439,0.356,0.128,0.318,0.6,0.044,0.101,0.772,0.0
114,El Monte,31454.0,3289.4,8.2,59.5,40.5,401000.0,1160.0,1332.0,22.0,1484.0,1838.0,423.0,30.0,10.0,3596.0,4.5,4.4,1963.0,4.0,3.8,1999.0,2010.0,0.166,0.031,0.368,0.358,0.021,0.421,0.739,0.077,0.114,0.339,0.459,0.083
115,El Segundo,7060.0,1292.3,-4.7,55.4,44.6,875600.0,1681.0,2731.0,21.0,1085.0,3309.0,559.0,24.0,10.0,5362.0,3.2,4.6,1962.0,2.9,2.3,2002.0,2011.0,0.657,0.038,0.124,0.411,0.314,0.169,0.1,0.831,0.043,0.126,0.796,0.013
116,Elk Grove city-CA,53164.0,1259.9,5.0,27.3,72.7,349500.0,1560.0,1834.0,22.0,581.0,2056.0,609.0,24.0,10.0,3406.0,3.7,6.4,1999.0,3.2,3.2,2005.0,2012.0,0.398,0.359,0.035,0.374,0.082,0.316,0.534,0.229,0.184,0.176,0.718,0.03
117,Emeryville,6946.0,5422.9,4.5,64.2,35.8,441900.0,2038.0,1889.0,22.0,542.0,2329.0,697.0,26.0,12.0,3960.0,2.7,3.1,1988.0,1.7,1.8,2006.0,2013.0,0.309,0.578,0.074,0.125,0.702,0.058,0.199,0.738,0.0,0.211,0.789,0.0
118,Encinitas,26321.0,1399.2,2.3,36.2,63.8,862300.0,1837.0,2427.0,21.0,1175.0,3016.0,667.0,24.0,11.0,5436.0,3.2,5.5,1978.0,2.7,2.4,2001.0,2012.0,0.402,0.468,0.102,0.404,0.358,0.088,0.128,0.809,0.026,0.082,0.824,0.01
119,Escalon,2823.0,1226.9,8.2,33.8,66.2,256800.0,1228.0,1501.0,18.0,493.0,1791.0,392.0,20.0,10.0,2357.0,3.6,5.7,1985.0,2.8,2.8,2003.0,2011.0,0.0,1.0,0.0,0.0,0.0,0.0,0.214,0.071,0.207,0.44,0.46,0.062
120,Escondido,47213.0,1274.0,-1.7,50.2,49.8,396200.0,1318.0,1807.0,24.0,1029.0,2147.0,539.0,27.0,12.0,2972.0,3.9,4.9,1981.0,3.2,3.4,2004.0,2012.0,0.249,0.081,0.477,0.496,0.094,0.278,0.594,0.285,0.061,0.234,0.672,0.027
121,Etna,350.0,460.7,-2.5,32.1,67.9,154600.0,813.0,753.0,20.0,452.0,1060.0,398.0,24.0,15.0,1223.0,3.1,4.6,1970.0,2.4,2.6,2001.0,2012.0,0.0,,0.0,0.0,,0.0,0.0,,0.387,0.397,,0.448
122,Eureka,12654.0,1348.4,6.4,54.8,45.2,249300.0,847.0,1141.0,22.0,746.0,1520.0,361.0,28.0,10.0,1600.0,3.2,4.7,1952.0,2.3,2.2,2001.0,2012.0,0.0,0.063,0.0,0.065,0.007,0.324,0.335,0.023,0.426,0.327,0.413,0.129
123,Exeter city-CA,3564.0,1447.0,-1.0,38.1,61.9,184100.0,866.0,1014.0,19.0,458.0,1250.0,345.0,24.0,10.0,1331.0,3.7,5.5,1976.0,3.0,3.3,2003.0,,0.0,0.0,0.0,0.141,0.0,0.034,0.221,0.0,0.291,0.399,0.154,0.337
124,Fairfield,37461.0,916.2,0.7,44.0,56.0,341500.0,1445.0,1783.0,21.0,650.0,2054.0,479.0,24.0,10.0,2898.0,3.7,5.8,1984.0,3.1,3.1,2004.0,2012.0,0.245,0.357,0.269,0.399,0.151,0.314,0.489,0.249,0.179,0.148,0.744,0.025
125,Farmersville,2706.0,1198.2,-0.7,35.1,64.9,133900.0,741.0,890.0,23.0,440.0,1002.0,298.0,28.0,11.0,981.0,4.6,5.3,1983.0,4.3,3.5,2004.0,2012.0,0.0,0.0,0.241,0.174,0.0,0.139,0.043,0.043,0.25,0.286,0.088,0.296
126,Ferndale,808.0,787.1,12.7,45.8,54.2,352900.0,1037.0,905.0,25.0,1046.0,1773.0,481.0,33.0,17.0,2757.0,2.9,5.3,1952.0,2.0,2.2,1993.0,2012.0,0.0,0.0,0.0,0.0,0.0,0.574,0.434,0.048,0.301,0.582,0.123,0.192
127,Fillmore city-CA,4558.0,1355.1,3.4,30.4,69.6,354900.0,1247.0,1813.0,24.0,776.0,2123.0,400.0,28.0,10.0,2799.0,4.1,5.4,1973.0,3.5,3.7,2003.0,2011.0,0.0,0.232,0.609,0.145,0.089,0.322,0.883,0.066,0.051,0.213,0.698,0.056
128,Firebaugh,2189.0,622.7,4.4,52.8,47.2,122400.0,676.0,1027.0,22.0,452.0,1232.0,365.0,27.0,10.0,1221.0,4.1,4.7,1985.0,4.2,3.4,2000.0,2010.0,0.0,,0.0,0.0,,0.213,0.09,,0.232,0.263,,0.248
129,Folsom city-CA,27623.0,1258.6,5.8,30.2,69.8,456600.0,1493.0,2081.0,20.0,536.0,2371.0,644.0,22.0,11.0,4413.0,3.2,6.1,1995.0,2.8,2.3,2005.0,2013.0,0.43,0.136,0.236,0.499,0.193,0.131,0.431,0.442,0.065,0.164,0.762,0.01
130,Fontana,54000.0,1253.7,4.1,35.6,64.4,323300.0,1224.0,1734.0,25.0,789.0,1933.0,484.0,27.0,10.0,3324.0,4.4,5.7,1987.0,4.0,3.9,2005.0,2012.0,0.136,0.011,0.277,0.18,0.014,0.403,0.622,0.047,0.245,0.217,0.663,0.04
131,Fort Bragg,3141.0,1142.6,-1.7,64.1,35.9,294900.0,985.0,1119.0,21.0,869.0,1779.0,413.0,25.0,12.0,2034.0,3.6,4.3,1970.0,2.4,2.6,2000.0,2011.0,0.0,0.0,0.226,0.135,0.045,0.19,0.343,0.203,0.338,0.288,0.45,0.104
132,Fort Jones,375.0,622.6,9.0,43.4,56.6,157000.0,782.0,1119.0,24.0,416.0,1317.0,372.0,27.0,11.0,1127.0,3.5,5.1,1957.0,2.5,2.9,1999.0,2011.0,0.0,,0.0,0.0,,0.0,0.056,,0.408,0.673,,0.115
133,Fortuna,5010.0,1034.0,0.4,44.4,55.6,251800.0,930.0,1095.0,22.0,685.0,1482.0,414.0,27.0,12.0,1764.0,3.3,4.9,1976.0,2.6,2.6,2004.0,2012.0,0.0,0.0,0.432,0.133,0.0,0.159,0.243,0.083,0.513,0.342,0.357,0.095
134,Foster City,13417.0,3534.7,7.7,41.7,58.3,1051000.0,2763.0,2660.0,21.0,992.0,3338.0,828.0,24.0,11.0,6497.0,3.1,5.0,1975.0,2.6,2.6,2000.0,2013.0,0.0,0.87,0.13,0.045,0.925,0.0,0.044,0.889,0.01,0.004,0.918,0.009
135,Fountain Valley,19023.0,2096.8,-0.7,30.5,69.5,654100.0,1832.0,1955.0,21.0,1121.0,2534.0,537.0,27.0,10.0,3853.0,3.5,5.9,1972.0,3.1,3.0,1998.0,2012.0,0.08,0.636,0.08,0.27,0.546,0.048,0.11,0.84,0.021,0.042,0.82,0.008
136,Fowler,1803.0,709.2,-2.1,46.2,53.8,201000.0,871.0,1248.0,22.0,560.0,1519.0,420.0,25.0,10.0,1863.0,3.9,5.3,1983.0,3.3,3.5,2001.0,2011.0,0.0,0.0,0.291,0.0,0.0,0.0,0.174,0.0,0.36,0.47,0.121,0.117
137,Fremont city-CA,76550.0,988.2,3.5,37.6,62.4,785700.0,2028.0,2457.0,20.0,948.0,2869.0,624.0,23.0,10.0,5747.0,3.5,5.1,1978.0,3.1,3.1,2002.0,2012.0,0.225,0.599,0.022,0.211,0.672,0.038,0.116,0.834,0.018,0.033,0.897,0.009
138,Fresno city-CA,176617.0,1555.1,3.1,53.1,46.9,206800.0,931.0,1199.0,21.0,528.0,1474.0,429.0,24.0,11.0,1775.0,3.8,5.0,1978.0,3.1,3.1,2003.0,2012.0,0.148,0.028,0.245,0.111,0.026,0.311,0.292,0.038,0.412,0.427,0.27,0.167
139,Fullerton,47885.0,2134.6,0.0,48.4,51.6,589600.0,1479.0,2025.0,22.0,1179.0,2540.0,540.0,27.0,10.0,3852.0,3.6,5.0,1968.0,2.9,3.1,2001.0,2012.0,0.584,0.089,0.219,0.597,0.227,0.097,0.383,0.541,0.029,0.088,0.799,0.014
140,Galt city-CA,8190.0,1366.1,6.7,28.5,71.5,270300.0,1197.0,1529.0,22.0,564.0,1707.0,517.0,24.0,11.0,2481.0,3.7,5.5,1993.0,3.2,3.1,2005.0,2012.0,0.0,0.072,0.362,0.046,0.0,0.391,0.409,0.095,0.286,0.423,0.368,0.124
141,Garden Grove,48758.0,2715.2,2.1,46.2,53.8,476300.0,1421.0,1733.0,22.0,1207.0,2138.0,475.0,27.0,10.0,3342.0,4.2,5.0,1964.0,3.6,3.6,2000.0,2011.0,0.445,0.147,0.208,0.584,0.097,0.14,0.437,0.418,0.03,0.142,0.708,0.034
142,Gardena,21551.0,3697.1,0.4,50.3,49.7,407000.0,1197.0,1506.0,23.0,1007.0,2065.0,425.0,30.0,10.0,2967.0,3.6,4.5,1960.0,3.0,2.8,2000.0,2011.0,0.31,0.048,0.32,0.439,0.02,0.393,0.621,0.188,0.112,0.22,0.662,0.058
143,Gilroy,16145.0,1000.2,8.7,42.0,58.0,583900.0,1611.0,2334.0,22.0,1115.0,2673.0,587.0,25.0,10.0,5073.0,3.9,5.9,1984.0,3.2,3.6,2005.0,2011.0,0.484,0.116,0.271,0.237,0.32,0.07,0.392,0.479,0.042,0.123,0.746,0.013
144,Glendale,76607.0,2516.4,0.4,66.2,33.8,675300.0,1431.0,2276.0,25.0,1313.0,2732.0,652.0,28.0,12.0,4337.0,3.4,4.2,1963.0,2.9,2.6,2001.0,2011.0,0.353,0.157,0.323,0.587,0.169,0.121,0.301,0.627,0.026,0.143,0.717,0.052
145,Glendora,17612.0,907.8,-0.9,29.4,70.6,517100.0,1519.0,1948.0,22.0,855.0,2356.0,561.0,26.0,11.0,3729.0,3.5,5.7,1963.0,2.9,3.1,2000.0,2011.0,0.111,0.059,0.241,0.466,0.031,0.294,0.449,0.473,0.032,0.079,0.813,0.008
146,Goleta,11635.0,1482.0,1.4,47.1,52.9,718300.0,1840.0,1982.0,23.0,1391.0,2609.0,585.0,27.0,11.0,4147.0,3.5,4.9,1970.0,2.8,2.8,1999.0,2012.0,0.742,0.119,0.109,0.446,0.465,0.024,0.152,0.751,0.036,0.072,0.861,0.0
147,Gonzales,2002.0,1044.4,0.7,51.4,48.6,253700.0,1179.0,1475.0,27.0,717.0,1636.0,326.0,30.0,10.0,2016.0,4.7,4.7,1984.0,3.8,4.6,2002.0,2010.0,0.082,0.0,0.694,0.253,0.0,0.598,0.602,0.056,0.274,0.421,0.496,0.051
148,Grand Terrace,4412.0,1259.7,-5.1,39.4,60.6,275700.0,1305.0,1445.0,22.0,549.0,1739.0,451.0,25.0,11.0,2453.0,3.6,5.4,1978.0,3.1,2.6,2001.0,2011.0,0.438,0.0,0.562,0.5,0.015,0.282,0.667,0.265,0.049,0.193,0.546,0.02
149,Grass Valley city-CA,6445.0,1358.8,-2.9,60.2,39.8,280400.0,1000.0,1064.0,25.0,754.0,1476.0,420.0,30.0,13.0,1941.0,3.2,4.3,1974.0,1.9,2.2,2007.0,2012.0,0.201,0.145,0.399,0.159,0.073,0.487,0.5,0.114,0.217,0.396,0.308,0.074
150,Greenfield city-CA,3874.0,1814.4,3.3,51.5,48.5,260200.0,1242.0,1407.0,24.0,847.0,1549.0,356.0,26.0,10.0,1965.0,5.2,4.9,1989.0,4.4,4.9,2004.0,2012.0,0.518,0.0,0.282,0.415,0.0,0.379,0.472,0.202,0.321,0.34,0.576,0.042
151,Gridley,2584.0,1248.1,7.4,49.5,50.5,158000.0,769.0,1074.0,23.0,533.0,1303.0,303.0,25.0,10.0,1267.0,3.4,4.9,1967.0,2.9,2.8,2001.0,2012.0,0.0,0.0,0.0,0.0,0.0,0.0,0.252,0.027,0.376,0.245,0.118,0.45
152,Grover Beach,5746.0,2487.4,-0.0,57.9,42.1,446800.0,1241.0,1484.0,21.0,1042.0,2093.0,429.0,24.0,10.0,3308.0,3.2,4.4,1978.0,2.4,2.6,2004.0,2012.0,0.0,0.0,0.16,0.386,0.069,0.326,0.622,0.271,0.07,0.197,0.754,0.028
153,Guadalupe,1991.0,1520.5,5.5,46.8,53.2,210900.0,1140.0,1228.0,21.0,709.0,1408.0,330.0,26.0,10.0,1597.0,4.3,4.7,1981.0,3.4,4.2,1996.0,2011.0,0.0,0.0,1.0,0.293,0.069,0.0,0.46,0.038,0.435,0.375,0.56,0.054
154,Gustine,2129.0,1372.7,2.0,45.4,54.6,151900.0,854.0,938.0,19.0,416.0,1247.0,296.0,25.0,11.0,1324.0,3.4,5.3,1973.0,2.7,3.1,2002.0,2011.0,0.0,0.0,0.0,0.051,0.0,0.142,0.0,0.0,0.391,0.232,0.075,0.596
155,Half Moon Bay,5395.0,840.0,22.8,30.9,69.1,841800.0,2052.0,2254.0,21.0,1090.0,3234.0,780.0,23.0,17.0,6050.0,3.1,5.6,1978.0,2.4,3.0,2004.0,2011.0,0.395,0.272,0.0,0.096,0.236,0.0,0.147,0.761,0.052,0.119,0.845,0.0
156,Hanford city-CA,19363.0,1152.3,4.7,43.5,56.5,192900.0,943.0,1177.0,19.0,456.0,1425.0,409.0,22.0,10.0,1642.0,3.6,5.3,1983.0,3.0,3.1,2004.0,2012.0,0.099,0.183,0.263,0.066,0.039,0.251,0.273,0.015,0.418,0.422,0.23,0.156
157,Hawaiian Gardens,4018.0,4238.1,8.5,58.6,41.4,307100.0,1266.0,1211.0,29.0,1059.0,1678.0,428.0,34.0,20.0,2149.0,4.2,4.3,1965.0,3.9,3.6,2001.0,2008.0,0.625,0.082,0.09,0.256,0.0,0.273,0.544,0.141,0.065,0.298,0.532,0.0
158,Hawthorne,30988.0,5095.7,3.7,73.5,26.5,461400.0,1126.0,2012.0,25.0,1263.0,2373.0,400.0,29.0,10.0,3970.0,3.8,3.8,1966.0,3.4,2.8,2002.0,2011.0,0.311,0.018,0.523,0.441,0.012,0.504,0.733,0.157,0.071,0.171,0.735,0.04
159,Hayward city-CA,48765.0,1073.6,1.0,48.4,51.6,462000.0,1562.0,1955.0,22.0,990.0,2339.0,501.0,26.0,11.0,3557.0,3.9,4.8,1971.0,3.3,3.2,2003.0,2012.0,0.298,0.34,0.169,0.438,0.341,0.104,0.402,0.503,0.038,0.122,0.744,0.032
160,Healdsburg city-CA,5118.0,1148.3,6.8,41.3,58.7,647600.0,1494.0,1813.0,20.0,1240.0,2459.0,574.0,24.0,11.0,4005.0,3.1,5.3,1974.0,2.4,2.6,2001.0,2011.0,0.193,0.0,0.37,0.563,0.122,0.315,0.391,0.406,0.079,0.131,0.847,0.022
161,Hemet,34068.0,1223.4,-3.5,42.4,57.6,157500.0,1011.0,841.0,22.0,422.0,1327.0,444.0,27.0,16.0,1543.0,3.7,4.9,1983.0,2.7,3.0,2007.0,2012.0,0.247,0.262,0.149,0.084,0.058,0.236,0.395,0.041,0.384,0.424,0.382,0.105
162,Hercules,8436.0,1315.6,-1.4,17.8,82.2,457300.0,1779.0,2201.0,24.0,706.0,2448.0,700.0,26.0,10.0,5191.0,3.6,6.2,1987.0,3.0,3.3,2003.0,2012.0,0.765,0.235,0.0,0.46,0.117,0.264,0.418,0.562,0.0,0.0,0.842,0.061
163,Hermosa Beach,10189.0,7142.4,0.3,53.5,46.5,1220500.0,2035.0,3022.0,20.0,1292.0,3910.0,705.0,24.0,10.0,6993.0,3.0,4.6,1968.0,2.4,1.9,2000.0,2012.0,0.527,0.445,0.028,0.256,0.7,0.007,0.084,0.873,0.0,0.081,0.835,0.033
164,Hesperia,27833.0,380.8,-4.0,37.0,63.0,199200.0,1102.0,1151.0,22.0,501.0,1354.0,378.0,25.0,11.0,1492.0,4.1,6.0,1986.0,3.5,3.7,2005.0,2012.0,0.249,0.0,0.081,0.074,0.009,0.16,0.359,0.007,0.413,0.539,0.242,0.098
165,Hidden Hills,584.0,345.8,-6.7,3.6,96.4,2000001.0,,4001.0,26.0,1474.0,4001.0,1501.0,27.0,19.0,10001.0,3.4,9.0,1971.0,3.0,3.2,1998.0,,,0.0,,,0.0,,,0.0,,,0.684,
166,Highland,16873.0,899.7,1.8,35.1,64.9,288500.0,1010.0,1550.0,22.0,648.0,1846.0,468.0,25.0,12.0,2675.0,4.0,5.6,1981.0,3.4,3.6,2003.0,2012.0,0.0,0.0,0.0,0.078,0.011,0.419,0.321,0.021,0.526,0.406,0.402,0.042
167,Hollister city-CA,10834.0,1479.2,4.2,38.5,61.5,415900.0,1338.0,2005.0,24.0,868.0,2196.0,566.0,26.0,12.0,3379.0,4.0,5.6,1986.0,3.4,3.7,2004.0,2011.0,0.111,0.407,0.0,0.205,0.0,0.371,0.465,0.165,0.208,0.208,0.691,0.053
168,Holtville,2153.0,1875.2,11.2,44.1,55.9,150900.0,716.0,834.0,21.0,456.0,1254.0,346.0,23.0,13.0,1122.0,4.3,5.0,1976.0,3.6,3.5,2001.0,2009.0,0.0,0.0,0.0,0.0,0.0,0.0,0.0,0.0,0.61,0.138,0.233,0.196
169,Hughson,2530.0,1280.5,13.2,35.5,64.5,256300.0,1125.0,1552.0,21.0,392.0,1711.0,518.0,23.0,13.0,2250.0,3.5,5.7,1993.0,3.5,2.2,2004.0,2011.0,1.0,0.0,0.0,0.0,0.571,0.0,0.143,0.152,0.108,0.233,0.439,0.254
170,Huntington Beach,81128.0,2992.6,4.0,41.7,58.3,688700.0,1748.0,1988.0,21.0,1079.0,2693.0,577.0,26.0,10.0,4296.0,3.2,5.3,1972.0,2.6,2.6,1999.0,2012.0,0.394,0.354,0.158,0.435,0.419,0.057,0.216,0.71,0.019,0.069,0.841,0.02
171,Huntington Park,14867.0,4935.0,-1.9,73.7,26.3,357500.0,985.0,1642.0,28.0,1384.0,1852.0,451.0,32.0,12.0,3572.0,4.6,3.8,1951.0,4.7,3.9,1997.0,2010.0,0.132,0.052,0.378,0.225,0.005,0.604,0.674,0.108,0.135,0.327,0.539,0.063
172,Huron,1815.0,1140.8,13.3,68.5,31.5,119100.0,663.0,897.0,25.0,453.0,998.0,385.0,29.0,14.0,1244.0,4.4,4.6,1990.0,4.7,3.8,2001.0,2010.0,0.141,0.0,0.148,0.0,0.0,0.336,0.0,0.043,0.124,0.211,0.0,0.223
173,Imperial city-CA,5298.0,904.6,11.5,27.6,72.4,209200.0,1216.0,1620.0,21.0,329.0,1728.0,459.0,22.0,12.0,2026.0,4.4,5.9,2001.0,3.7,4.1,2008.0,2012.0,0.452,0.0,0.0,0.0,0.0,0.201,0.513,0.023,0.418,0.479,0.393,0.109
174,Imperial Beach,10111.0,2429.8,2.3,68.2,31.8,433400.0,1269.0,1580.0,23.0,1141.0,2169.0,408.0,28.0,11.0,3075.0,3.8,4.2,1970.0,2.9,3.1,2001.0,2012.0,0.188,0.0,0.771,0.445,0.039,0.412,0.68,0.22,0.054,0.171,0.715,0.016
175,Indian Wells,5440.0,379.8,5.9,14.1,85.9,667000.0,725.0,1932.0,22.0,603.0,3173.0,1247.0,28.0,15.0,6922.0,2.2,5.7,1986.0,1.9,1.5,2005.0,2007.0,0.0,0.0,0.0,0.077,0.0,0.192,0.196,0.375,0.429,0.092,0.4,0.062
176,Indio,35406.0,1066.3,22.2,33.0,67.0,247900.0,1072.0,1337.0,24.0,673.0,1709.0,575.0,30.0,14.0,3297.0,3.8,5.1,1998.0,2.9,3.1,2007.0,2012.0,0.024,0.0,0.17,0.122,0.012,0.396,0.4,0.113,0.285,0.279,0.496,0.066
177,Industry,77.0,6.5,5.5,82.3,17.7,410000.0,795.0,,22.0,820.0,2333.0,,25.0,10.0,3083.0,4.6,4.9,1958.0,3.2,4.1,1996.0,2010.0,0.0,0.0,0.0,0.0,0.0,0.0,0.2,0.25,0.25,0.292,0.0,0.708
178,Inglewood city-CA,38187.0,4211.2,-0.6,64.2,35.8,389600.0,1186.0,1692.0,25.0,1057.0,1951.0,446.0,29.0,12.0,3082.0,3.9,4.3,1958.0,3.2,2.9,1998.0,2011.0,0.186,0.009,0.451,0.436,0.03,0.363,0.602,0.276,0.081,0.29,0.587,0.054
179,Ione,1674.0,364.3,2.4,25.4,74.6,243100.0,1067.0,1351.0,23.0,425.0,1698.0,496.0,24.0,16.0,2081.0,2.7,5.5,1993.0,2.3,2.5,2006.0,2012.0,0.0,0.0,0.0,0.0,0.0,0.489,0.31,0.03,0.66,0.446,0.176,0.045
180,Irvine,98362.0,1499.8,17.2,51.8,48.2,753400.0,2114.0,2487.0,22.0,924.0,2993.0,746.0,25.0,10.0,6186.0,3.2,4.7,1993.0,2.8,2.6,2005.0,2013.0,0.161,0.642,0.029,0.068,0.848,0.041,0.095,0.83,0.021,0.075,0.839,0.017
181,Irwindale,417.0,47.2,6.9,30.0,70.0,351100.0,1458.0,1224.0,27.0,881.0,1524.0,300.0,31.0,11.0,1957.0,4.2,5.5,1970.0,3.7,3.3,1996.0,2007.0,0.0,0.0,0.0,0.0,0.0,0.0,0.5,0.083,0.125,0.169,0.692,0.015
182,Isleton,398.0,905.3,-6.4,46.9,53.1,225800.0,893.0,733.0,26.0,619.0,1413.0,406.0,43.0,10.0,1430.0,3.4,4.7,1960.0,2.6,2.4,2002.0,2009.0,0.0,0.0,0.0,0.1,0.0,0.0,0.167,0.0,0.571,0.435,0.226,0.226
183,Jackson,2500.0,670.3,8.3,39.9,60.1,238100.0,996.0,893.0,22.0,584.0,1766.0,519.0,29.0,18.0,1631.0,3.0,5.1,1975.0,2.1,2.3,2002.0,2012.0,0.0,0.0,0.0,0.0,0.0,0.362,0.256,0.0,0.619,0.392,0.413,0.087
184,Jurupa Valley,26549.0,618.3,,34.2,65.8,308900.0,1169.0,1507.0,23.0,800.0,1698.0,473.0,26.0,11.0,2099.0,4.6,5.4,1978.0,4.1,3.8,2002.0,2012.0,0.061,0.193,0.364,0.191,0.052,0.266,0.52,0.114,0.254,0.33,0.512,0.074
185,Kerman city-CA,3943.0,1206.8,0.9,46.4,53.6,203600.0,840.0,1387.0,24.0,597.0,1475.0,417.0,27.0,10.0,1759.0,4.4,5.0,1996.0,3.9,3.7,2005.0,,0.0,0.0,0.578,0.0,0.0,0.262,0.226,0.0,0.375,0.425,0.116,0.377
186,King City city-CA,3349.0,871.1,4.1,56.5,43.5,230800.0,1006.0,1189.0,25.0,837.0,1459.0,451.0,31.0,18.0,1641.0,4.6,4.5,1978.0,4.0,4.3,2001.0,2012.0,0.109,0.0,0.606,0.097,0.109,0.29,0.413,0.088,0.312,0.417,0.503,0.054
187,Kingsburg city-CA,4016.0,1132.2,-1.3,35.1,64.9,236000.0,861.0,1186.0,19.0,445.0,1557.0,494.0,22.0,12.0,1961.0,3.8,5.5,1983.0,3.2,2.6,2003.0,2011.0,0.0,0.0,0.0,0.0,0.0,0.214,0.109,0.0,0.573,0.711,0.099,0.125
188,La Habra,19655.0,2672.7,-1.4,43.1,56.9,473200.0,1410.0,1717.0,22.0,1042.0,2201.0,484.0,27.0,10.0,2930.0,3.9,4.8,1967.0,3.2,3.3,2001.0,2012.0,0.087,0.259,0.481,0.633,0.158,0.154,0.518,0.396,0.032,0.152,0.769,0.014
189,La Habra Heights,1993.0,323.6,6.0,6.4,93.6,893200.0,2350.0,2444.0,24.0,1177.0,3567.0,758.0,30.0,11.0,7108.0,3.3,6.7,1969.0,2.9,3.0,1999.0,2006.0,0.0,0.0,,1.0,0.0,,0.0,0.0,,0.0,0.659,
190,La Mesa,25040.0,2758.1,-4.3,58.4,41.6,455800.0,1375.0,1690.0,23.0,902.0,2134.0,476.0,27.0,11.0,3066.0,3.3,4.6,1969.0,2.5,2.5,2001.0,2012.0,0.402,0.121,0.091,0.52,0.151,0.209,0.517,0.38,0.053,0.089,0.817,0.023
191,La Mirada,14706.0,1880.1,-2.6,22.2,77.8,478400.0,1622.0,1870.0,21.0,846.0,2242.0,452.0,24.0,10.0,3552.0,3.7,5.5,1960.0,3.3,2.9,1998.0,2011.0,0.229,0.412,0.09,0.387,0.221,0.263,0.274,0.506,0.1,0.078,0.76,0.013
192,La Palma,5039.0,2825.5,-3.5,31.9,68.1,612200.0,1653.0,1699.0,18.0,1017.0,2410.0,524.0,23.0,10.0,3907.0,3.7,6.1,1971.0,3.2,3.3,1995.0,2011.0,0.25,0.0,0.0,0.369,0.449,0.071,0.343,0.645,0.013,0.055,0.868,0.0
193,La Puente,9350.0,2687.7,-4.2,43.0,57.0,364300.0,1235.0,1469.0,23.0,1145.0,1742.0,404.0,28.0,10.0,2697.0,4.9,5.3,1958.0,4.6,4.3,1997.0,2011.0,0.162,0.0,0.533,0.507,0.0,0.373,0.615,0.175,0.094,0.221,0.523,0.113
194,La Quinta,24540.0,698.5,4.5,29.0,71.0,376100.0,1386.0,1658.0,23.0,706.0,2010.0,802.0,27.0,13.0,4424.0,3.2,5.4,1998.0,2.5,3.1,2006.0,2012.0,0.06,0.16,0.32,0.147,0.0,0.155,0.329,0.161,0.166,0.269,0.58,0.041
195,La Verne,11695.0,1387.2,0.1,25.8,74.2,535900.0,1415.0,1672.0,20.0,926.0,2339.0,554.0,25.0,10.0,3393.0,3.4,5.9,1975.0,2.8,2.7,2000.0,2011.0,0.065,0.346,0.0,0.272,0.244,0.089,0.528,0.391,0.046,0.141,0.652,0.103
196,Lafayette,10112.0,672.0,4.8,26.8,73.2,1214200.0,1940.0,3121.0,18.0,1012.0,3921.0,896.0,22.0,10.0,8255.0,3.1,6.7,1963.0,2.8,2.4,1997.0,2012.0,0.4,0.0,0.6,0.397,0.338,0.064,0.142,0.844,0.0,0.017,0.912,0.025
197,Laguna Beach,13180.0,1481.9,2.0,37.5,62.5,1570700.0,2191.0,2624.0,20.0,1561.0,3880.0,755.0,25.0,10.0,7298.0,2.9,5.2,1963.0,2.3,2.0,1999.0,2012.0,0.557,0.308,0.06,0.2,0.683,0.033,0.025,0.926,0.025,0.041,0.816,0.013
198,Laguna Hills,10934.0,1655.8,-1.0,29.3,70.7,649700.0,1906.0,2309.0,23.0,1111.0,2684.0,730.0,27.0,10.0,4382.0,3.5,5.9,1980.0,2.9,3.2,2002.0,2012.0,0.0,1.0,0.0,0.253,0.714,0.0,0.068,0.844,0.008,0.008,0.824,0.022
199,Laguna Niguel,26706.0,1811.7,5.5,29.5,70.5,737400.0,2004.0,2464.0,24.0,960.0,2859.0,743.0,27.0,11.0,4795.0,3.1,5.9,1985.0,2.5,2.8,2002.0,2013.0,0.0,0.507,0.15,0.281,0.662,0.04,0.051,0.898,0.017,0.046,0.848,0.012
200,Laguna Woods,12709.0,3799.5,-2.4,23.9,76.1,246600.0,1656.0,904.0,26.0,539.0,1643.0,834.0,34.0,23.0,1637.0,2.1,4.3,1968.0,1.4,1.4,2007.0,,0.0,0.618,0.382,0.347,0.479,0.069,0.235,0.588,0.035,0.0,0.743,0.047
201,Lake Elsinore,17802.0,464.2,9.5,37.3,62.7,306400.0,1342.0,1713.0,24.0,640.0,1917.0,565.0,27.0,10.0,4073.0,4.2,5.9,1999.0,3.8,3.7,2008.0,2012.0,0.281,0.0,0.188,0.299,0.034,0.421,0.547,0.144,0.212,0.218,0.684,0.034
202,Lake Forest,28984.0,1742.5,7.0,30.7,69.3,585100.0,1846.0,2162.0,22.0,908.0,2437.0,621.0,23.0,10.0,3894.0,3.5,5.6,1982.0,2.9,2.9,2002.0,2013.0,0.118,0.814,0.034,0.271,0.672,0.0,0.083,0.859,0.002,0.078,0.825,0.01
203,Lakeport,2558.0,836.5,6.8,45.2,54.8,194200.0,853.0,1093.0,20.0,392.0,1564.0,447.0,24.0,13.0,1549.0,2.9,4.7,1974.0,2.3,2.1,2003.0,2012.0,0.0,0.0,0.816,0.0,0.0,0.137,0.259,0.021,0.575,0.18,0.38,0.31
204,Lakewood,27208.0,2888.7,-1.0,28.6,71.4,475800.0,1662.0,1866.0,22.0,841.0,2200.0,415.0,26.0,10.0,3365.0,3.7,5.5,1957.0,3.1,3.2,1999.0,2012.0,0.46,0.443,0.08,0.528,0.123,0.257,0.357,0.578,0.013,0.068,0.836,0.026
205,Lancaster,53330.0,565.5,2.9,46.2,53.8,213100.0,1133.0,1348.0,23.0,495.0,1580.0,482.0,26.0,12.0,2602.0,3.9,6.2,1985.0,3.3,3.0,2005.0,2012.0,0.272,0.012,0.2,0.133,0.017,0.331,0.468,0.025,0.283,0.416,0.369,0.078
206,Larkspur,6175.0,2040.0,-3.2,51.7,48.3,1181400.0,1987.0,2646.0,22.0,1322.0,3929.0,929.0,26.0,14.0,8652.0,3.0,4.3,1967.0,2.4,1.8,2001.0,2011.0,0.545,0.129,0.0,0.139,0.756,0.0,0.105,0.876,0.0,0.0,0.917,0.038
207,Lathrop,5718.0,260.7,8.7,29.9,70.1,292900.0,1604.0,1667.0,25.0,618.0,1844.0,521.0,27.0,14.0,3130.0,4.2,6.2,1998.0,3.7,4.2,2007.0,,1.0,0.0,0.0,0.296,0.0,0.102,0.438,0.0,0.453,0.189,0.701,0.018
208,Lawndale,10347.0,5241.2,1.9,67.7,32.3,417600.0,1357.0,1818.0,25.0,1118.0,2061.0,456.0,29.0,14.0,3435.0,4.1,4.2,1962.0,3.5,3.3,2002.0,2011.0,0.145,0.036,0.555,0.486,0.054,0.372,0.543,0.352,0.054,0.283,0.669,0.021
209,Lemon Grove,8868.0,2286.4,,45.9,54.1,367700.0,1201.0,1688.0,23.0,885.0,1977.0,428.0,27.0,10.0,2699.0,3.9,5.2,1963.0,3.4,2.8,2002.0,2012.0,0.319,0.0,0.369,0.25,0.063,0.489,0.669,0.213,0.081,0.258,0.57,0.045
210,Lemoore city-CA,9020.0,1059.1,4.5,48.1,51.9,199200.0,897.0,1342.0,20.0,520.0,1523.0,401.0,24.0,10.0,1492.0,3.6,5.1,1985.0,3.3,2.7,2005.0,2013.0,0.041,0.0,0.154,0.0,0.053,0.527,0.183,0.008,0.495,0.442,0.258,0.231
211,Lincoln city-CA,18023.0,897.0,3.2,21.0,79.0,389900.0,1658.0,1629.0,23.0,653.0,2059.0,638.0,26.0,13.0,4263.0,3.2,6.0,2004.0,2.6,2.9,2007.0,2012.0,0.528,0.112,0.124,0.218,0.014,0.255,0.208,0.418,0.244,0.157,0.765,0.018
212,Lindsay city-CA,3838.0,1470.8,20.2,49.2,50.8,133400.0,705.0,797.0,24.0,509.0,1061.0,325.0,28.0,12.0,1012.0,4.2,5.0,1974.0,3.7,3.6,2002.0,,0.0,0.0,0.0,0.044,0.081,0.0,0.021,0.015,0.267,0.24,0.059,0.393
213,Live Oak,2532.0,811.3,1.4,35.4,64.6,152000.0,784.0,1054.0,22.0,475.0,1311.0,373.0,24.0,13.0,1413.0,4.1,5.6,1980.0,3.4,3.7,2003.0,2012.0,0.0,0.0,0.25,0.0,0.0,0.0,0.082,0.055,0.145,0.325,0.09,0.35
214,Livermore,32458.0,1208.1,7.0,28.8,71.2,643200.0,1768.0,2432.0,22.0,848.0,2784.0,581.0,24.0,10.0,5333.0,3.3,5.9,1977.0,2.8,2.7,2003.0,2011.0,0.305,0.265,0.161,0.347,0.401,0.057,0.208,0.653,0.039,0.117,0.753,0.049
215,Livingston,3567.0,970.0,7.4,41.4,58.6,187500.0,1006.0,1112.0,21.0,573.0,1340.0,371.0,23.0,13.0,1429.0,4.3,5.4,1993.0,3.9,4.0,2004.0,2011.0,0.0,0.0,0.2,0.206,0.0,0.258,0.089,0.0,0.463,0.612,0.072,0.204
216,Lodi city-CA,23760.0,1738.1,-0.1,46.1,53.9,269400.0,1053.0,1355.0,21.0,632.0,1667.0,438.0,24.0,12.0,1998.0,3.5,5.1,1974.0,2.8,2.9,2003.0,2012.0,0.066,0.246,0.119,0.079,0.069,0.324,0.474,0.033,0.39,0.375,0.466,0.072
217,Loma Linda,9300.0,1237.3,-3.6,64.4,35.6,333200.0,1186.0,1165.0,19.0,660.0,1910.0,569.0,24.0,12.0,3299.0,3.4,4.5,1979.0,3.0,2.5,2002.0,2012.0,0.291,0.629,0.04,0.47,0.038,0.295,0.493,0.159,0.274,0.307,0.536,0.056
218,Lomita,8532.0,4464.5,1.4,54.2,45.8,561500.0,1301.0,1882.0,21.0,1094.0,2352.0,515.0,26.0,10.0,4000.0,3.3,4.4,1964.0,2.7,2.4,2001.0,2010.0,0.285,0.255,0.065,0.659,0.054,0.135,0.518,0.328,0.089,0.114,0.656,0.018
219,Lompoc city-CA,14129.0,1218.7,-2.0,57.5,42.5,269100.0,1079.0,1306.0,21.0,730.0,1687.0,404.0,25.0,10.0,1893.0,3.8,4.8,1971.0,2.7,3.2,2001.0,2012.0,0.029,0.164,0.134,0.203,0.004,0.437,0.389,0.14,0.359,0.288,0.536,0.099
220,Long Beach,173741.0,3453.0,-1.3,60.0,40.0,476400.0,1198.0,1834.0,23.0,1033.0,2234.0,485.0,27.0,10.0,3318.0,3.8,4.2,1957.0,2.9,2.7,2001.0,2012.0,0.257,0.081,0.398,0.43,0.12,0.323,0.493,0.345,0.088,0.219,0.646,0.039
221,Los Alamitos,4240.0,1054.3,-2.6,56.4,43.6,741100.0,1682.0,1800.0,20.0,1229.0,2396.0,518.0,23.0,10.0,3614.0,3.4,5.2,1969.0,2.8,2.8,1993.0,2012.0,0.103,0.155,0.466,0.581,0.12,0.141,0.317,0.651,0.023,0.11,0.82,0.07
222,Los Altos,11045.0,1706.0,-1.4,17.0,83.0,2000001.0,2891.0,3524.0,20.0,1191.0,4001.0,1111.0,24.0,10.0,10001.0,3.2,7.0,1961.0,2.9,2.7,2001.0,,0.266,0.443,0.291,0.03,0.944,0.0,0.017,0.89,0.0,0.057,0.844,0.0
223,Los Angeles city-CA,1457762.0,3110.4,3.1,63.2,36.8,549800.0,1302.0,2085.0,25.0,1343.0,2531.0,659.0,29.0,13.0,3878.0,3.8,4.1,1961.0,3.1,2.7,2001.0,2011.0,0.262,0.165,0.295,0.43,0.231,0.195,0.35,0.485,0.076,0.184,0.638,0.058
224,Los Banos city-CA,11364.0,1137.2,-0.1,45.8,54.2,226700.0,1114.0,1289.0,24.0,546.0,1511.0,409.0,27.0,13.0,1892.0,4.1,5.5,1993.0,3.4,3.6,2006.0,2012.0,0.066,0.047,0.156,0.097,0.0,0.182,0.19,0.055,0.376,0.472,0.3,0.112
225,Loyalton,425.0,1195.5,14.6,18.1,81.9,98200.0,1040.0,728.0,23.0,278.0,1140.0,432.0,28.0,18.0,1003.0,3.4,5.3,1956.0,2.5,3.9,1994.0,2010.0,0.0,0.0,0.0,0.0,0.0,0.0,0.727,0.0,0.091,0.243,0.135,0.189
226,Lynwood,15705.0,3244.8,2.8,57.6,42.4,345100.0,1122.0,1691.0,28.0,1174.0,1830.0,483.0,31.0,10.0,3025.0,4.9,4.7,1955.0,4.8,4.2,2000.0,2011.0,0.162,0.02,0.413,0.28,0.008,0.559,0.631,0.133,0.172,0.29,0.561,0.064
227,Madera city-CA,18458.0,1169.0,8.3,54.0,46.0,180400.0,972.0,1078.0,20.0,520.0,1237.0,393.0,24.0,11.0,1450.0,4.2,5.1,1984.0,3.5,3.7,2005.0,2012.0,0.318,0.0,0.351,0.042,0.082,0.134,0.194,0.026,0.482,0.583,0.089,0.182
228,Malibu,7448.0,376.4,8.5,26.4,73.6,1974100.0,2522.0,2828.0,21.0,1718.0,4001.0,1158.0,24.0,11.0,10001.0,3.0,5.6,1974.0,2.5,1.8,2000.0,2011.0,0.0,0.533,0.0,0.067,0.867,0.0,0.013,0.857,0.0,0.056,0.71,0.009
229,Manhattan Beach,15237.0,3870.0,2.1,31.1,68.9,1694900.0,2393.0,3176.0,20.0,1433.0,4001.0,836.0,23.0,11.0,8660.0,3.2,6.0,1964.0,2.8,2.2,2000.0,2012.0,0.25,0.594,0.025,0.2,0.706,0.045,0.096,0.883,0.003,0.006,0.877,0.011
230,Manteca city-CA,24644.0,1199.4,6.5,40.8,59.2,319600.0,1278.0,1608.0,23.0,635.0,1849.0,492.0,25.0,12.0,2810.0,3.8,5.6,1989.0,3.1,3.2,2006.0,2012.0,0.353,0.0,0.319,0.215,0.062,0.364,0.483,0.103,0.306,0.297,0.604,0.054
231,Maricopa,469.0,312.3,0.6,48.9,51.1,56100.0,762.0,358.0,12.0,122.0,916.0,257.0,19.0,10.0,870.0,3.7,5.0,1970.0,2.2,3.5,1995.0,2008.0,0.0,0.0,0.7,0.0,0.0,0.0,0.087,0.087,0.217,0.195,0.0,0.345
232,Marina,8190.0,922.0,13.8,57.3,42.7,431800.0,1271.0,1506.0,20.0,877.0,2100.0,466.0,25.0,11.0,2764.0,3.4,4.7,1975.0,2.6,2.7,2000.0,2012.0,0.512,0.135,0.184,0.479,0.087,0.327,0.516,0.214,0.146,0.028,0.797,0.077
233,Martinez,15364.0,1216.4,2.6,33.8,66.2,505400.0,1626.0,2059.0,21.0,713.0,2377.0,540.0,23.0,10.0,3800.0,3.2,5.6,1975.0,2.5,2.5,2000.0,2012.0,0.205,0.205,0.215,0.419,0.258,0.181,0.29,0.567,0.053,0.074,0.87,0.0
234,Marysville city-CA,4781.0,1380.3,-8.0,64.3,35.7,161600.0,876.0,1178.0,21.0,422.0,1406.0,392.0,23.0,11.0,1315.0,3.4,4.6,1964.0,2.9,2.5,2001.0,2013.0,0.0,0.146,0.707,0.101,0.0,0.08,0.214,0.08,0.546,0.615,0.073,0.087
235,Maywood,6823.0,5789.9,0.8,76.4,23.6,350800.0,1000.0,1501.0,23.0,1371.0,1784.0,365.0,29.0,10.0,3045.0,4.7,3.8,1952.0,4.7,4.0,1997.0,2010.0,0.123,0.072,0.253,0.217,0.007,0.592,0.661,0.113,0.19,0.365,0.493,0.08
236,McFarland,3086.0,1156.6,15.0,42.1,57.9,149200.0,876.0,947.0,23.0,537.0,1075.0,281.0,30.0,10.0,1300.0,4.5,5.0,1987.0,4.1,4.5,2001.0,2012.0,0.0,0.0,0.0,0.0,0.0,0.0,0.186,0.0,0.532,0.461,0.019,0.358
237,Mendota city-CA,2784.0,844.7,8.9,64.5,35.5,139000.0,760.0,905.0,24.0,534.0,1060.0,268.0,32.0,10.0,969.0,4.7,4.8,1985.0,4.3,4.1,2001.0,2011.0,0.0,0.0,0.202,0.0,0.0,0.069,0.093,0.0,0.239,0.456,0.028,0.333
238,Menifee,30383.0,653.8,0.4,25.7,74.3,278300.0,1423.0,1460.0,24.0,538.0,1778.0,431.0,26.0,14.0,2855.0,3.7,5.9,1996.0,3.1,2.9,2008.0,2012.0,0.279,0.63,0.0,0.274,0.175,0.3,0.436,0.217,0.214,0.199,0.674,0.053
239,Menlo Park,12760.0,1305.3,-2.5,41.7,58.3,1764600.0,2111.0,3145.0,21.0,1622.0,4001.0,1028.0,25.0,10.0,10001.0,3.4,5.2,1959.0,2.9,2.5,2001.0,2012.0,0.284,0.428,0.0,0.131,0.692,0.096,0.089,0.856,0.011,0.066,0.769,0.009
240,Merced city-CA,27080.0,1165.9,-1.3,60.3,39.7,185700.0,908.0,1101.0,19.0,481.0,1350.0,428.0,22.0,11.0,1570.0,3.9,5.3,1982.0,3.0,3.3,2004.0,2012.0,0.049,0.089,0.111,0.058,0.008,0.202,0.144,0.021,0.46,0.45,0.198,0.175
241,Mill Valley,6452.0,1354.6,-1.3,27.7,72.3,1242100.0,2209.0,3232.0,19.0,942.0,4001.0,956.0,22.0,11.0,10001.0,3.0,5.7,1961.0,2.4,2.1,2000.0,2011.0,0.196,0.371,0.0,0.114,0.745,0.0,0.166,0.742,0.034,0.086,0.754,0.0
242,Millbrae,8771.0,2699.1,4.8,36.1,63.9,1131500.0,2101.0,2515.0,22.0,1476.0,3487.0,696.0,27.0,12.0,6395.0,3.3,5.4,1960.0,2.8,2.6,1999.0,2012.0,0.324,0.635,0.0,0.415,0.536,0.014,0.094,0.873,0.026,0.034,0.772,0.038
243,Milpitas,22778.0,1677.2,15.0,35.6,64.4,704300.0,2099.0,2372.0,21.0,1055.0,2860.0,652.0,24.0,10.0,5478.0,3.8,5.1,1982.0,3.4,3.4,2003.0,2012.0,0.171,0.713,0.0,0.143,0.622,0.066,0.152,0.78,0.023,0.051,0.832,0.047
244,Mission Viejo,34994.0,1977.3,2.2,22.5,77.5,640800.0,2123.0,2231.0,22.0,874.0,2596.0,525.0,25.0,10.0,3967.0,3.3,6.1,1980.0,2.8,2.8,2001.0,2012.0,0.361,0.616,0.0,0.263,0.68,0.033,0.105,0.85,0.005,0.022,0.919,0.003
245,Modesto city-CA,75155.0,1680.5,0.1,45.4,54.6,236200.0,1070.0,1280.0,20.0,508.0,1544.0,471.0,24.0,11.0,1755.0,3.6,5.3,1977.0,2.9,2.9,2004.0,2012.0,0.1,0.105,0.157,0.168,0.036,0.414,0.421,0.049,0.385,0.531,0.3,0.074
246,Monrovia,13727.0,1009.1,-5.2,53.8,46.2,606000.0,1374.0,1977.0,23.0,1193.0,2473.0,589.0,26.0,10.0,4591.0,3.5,5.1,1961.0,2.8,2.9,2001.0,2012.0,0.367,0.247,0.265,0.567,0.085,0.221,0.521,0.42,0.023,0.166,0.732,0.007
247,Montague,594.0,334.1,-6.2,42.7,57.3,119300.0,797.0,954.0,20.0,300.0,1080.0,333.0,22.0,16.0,907.0,3.3,4.4,1974.0,2.4,3.0,2000.0,2011.0,0.0,,0.0,0.0,,0.217,0.178,,0.545,0.377,,0.159
248,Montclair,10941.0,1983.1,10.4,44.6,55.4,304200.0,1234.0,1312.0,21.0,902.0,1643.0,379.0,27.0,10.0,1978.0,4.3,5.2,1970.0,3.8,3.6,2002.0,2012.0,0.371,0.232,0.066,0.272,0.13,0.325,0.636,0.159,0.109,0.287,0.556,0.059
249,Monte Sereno,1389.0,849.6,7.9,8.8,91.2,2000001.0,2216.0,3414.0,20.0,979.0,4001.0,1066.0,27.0,11.0,10001.0,3.0,7.8,1966.0,2.7,2.0,1994.0,2011.0,0.0,0.0,,0.392,0.608,,0.0,1.0,,0.098,0.608,
250,Montebello,21258.0,2551.2,7.5,55.7,44.3,441500.0,1211.0,1420.0,23.0,1303.0,1972.0,451.0,28.0,12.0,3679.0,3.9,4.5,1961.0,3.2,3.2,1995.0,2011.0,0.272,0.0,0.179,0.48,0.024,0.308,0.6,0.234,0.082,0.301,0.563,0.036
251,Monterey,13371.0,1541.5,-1.6,63.2,36.8,696200.0,1625.0,1885.0,22.0,1141.0,2663.0,626.0,28.0,11.0,4258.0,3.0,4.4,1969.0,2.2,2.2,2002.0,2012.0,0.34,0.48,0.098,0.568,0.229,0.137,0.258,0.693,0.03,0.098,0.846,0.008
252,Monterey Park,21336.0,2781.9,2.3,46.3,53.7,566700.0,1275.0,1484.0,20.0,1388.0,2311.0,477.0,31.0,10.0,3996.0,3.6,4.6,1962.0,3.1,3.1,1996.0,2011.0,0.226,0.077,0.405,0.404,0.033,0.289,0.629,0.192,0.084,0.124,0.672,0.022
253,Moorpark city-CA,11603.0,922.4,8.1,25.1,74.9,592500.0,1832.0,2323.0,23.0,933.0,2662.0,660.0,25.0,10.0,4438.0,3.6,6.3,1986.0,3.2,3.2,2003.0,2012.0,0.0,0.389,0.333,0.332,0.406,0.053,0.257,0.655,0.011,0.057,0.841,0.021
254,Moreno Valley,54005.0,1053.2,-2.8,39.5,60.5,260600.0,1342.0,1439.0,23.0,668.0,1584.0,432.0,26.0,10.0,2361.0,4.5,5.7,1987.0,4.0,4.0,2004.0,2012.0,0.302,0.098,0.198,0.454,0.024,0.318,0.63,0.109,0.173,0.287,0.589,0.062
255,Morgan Hill,14516.0,1138.6,12.9,27.8,72.2,729900.0,1699.0,2597.0,23.0,931.0,3098.0,768.0,26.0,10.0,5794.0,3.4,6.2,1986.0,3.0,3.1,2005.0,2012.0,0.722,0.06,0.152,0.301,0.268,0.305,0.34,0.526,0.074,0.139,0.734,0.027
256,Morro Bay,6206.0,1170.3,-1.8,42.8,57.2,535300.0,1387.0,1038.0,20.0,1078.0,2097.0,488.0,29.0,10.0,3151.0,2.9,4.6,1975.0,2.2,2.0,2003.0,2012.0,0.218,0.034,0.687,0.309,0.109,0.239,0.53,0.401,0.01,0.066,0.834,0.025
257,Mount Shasta,2034.0,540.1,7.3,52.6,47.4,243500.0,930.0,1153.0,28.0,699.0,1309.0,346.0,32.0,10.0,2029.0,2.7,4.8,1974.0,2.2,1.6,2002.0,2012.0,0.0,0.0,0.0,0.0,0.0,0.0,0.086,0.0,0.641,0.602,0.296,0.066
258,Mountain View,35256.0,2939.6,4.1,58.0,42.0,1079900.0,2103.0,2588.0,20.0,1047.0,3404.0,819.0,23.0,12.0,6998.0,3.1,4.2,1972.0,2.5,2.3,2003.0,2012.0,0.251,0.641,0.009,0.203,0.696,0.021,0.052,0.884,0.01,0.028,0.89,0.025
259,Murrieta city-CA,33832.0,1007.5,-4.1,33.5,66.5,367400.0,1620.0,1992.0,24.0,624.0,2213.0,606.0,26.0,12.0,4069.0,3.9,6.7,2000.0,3.4,3.2,2007.0,2013.0,0.512,0.35,0.138,0.576,0.059,0.163,0.54,0.311,0.081,0.091,0.837,0.02
260,Napa city-CA,30296.0,1696.8,0.5,43.3,56.7,536800.0,1546.0,1820.0,22.0,1043.0,2301.0,584.0,24.0,11.0,3818.0,3.5,5.3,1974.0,2.6,3.0,2002.0,2012.0,0.288,0.135,0.238,0.361,0.238,0.168,0.407,0.501,0.028,0.095,0.775,0.056
261,National City,17349.0,2383.4,3.5,67.9,32.1,345400.0,1086.0,1430.0,21.0,1084.0,1768.0,337.0,27.0,10.0,2216.0,4.2,4.1,1970.0,3.8,3.3,1999.0,2011.0,0.155,0.017,0.469,0.254,0.081,0.41,0.567,0.152,0.143,0.219,0.562,0.112
262,Needles,2992.0,97.1,3.4,45.5,54.5,83300.0,582.0,597.0,18.0,262.0,1068.0,445.0,22.0,15.0,813.0,3.4,4.8,1973.0,2.6,2.1,1999.0,2011.0,0.0,0.0,0.0,0.0,0.0,0.028,0.0,0.009,0.252,0.219,0.0,0.199
263,Nevada City,1375.0,628.4,-8.9,39.2,60.8,357700.0,933.0,741.0,17.0,857.0,1877.0,464.0,28.0,10.0,2266.0,2.7,5.1,1964.0,2.1,2.1,1997.0,2012.0,0.0,0.0,0.0,0.0,0.0,0.722,0.368,0.077,0.232,0.211,0.38,0.257
264,Newark,13769.0,992.4,2.6,30.8,69.2,607200.0,1914.0,2130.0,21.0,1100.0,2516.0,502.0,24.0,10.0,4376.0,3.8,5.2,1973.0,3.3,3.5,2001.0,2012.0,0.0,0.0,0.0,0.241,0.505,0.014,0.28,0.703,0.008,0.068,0.861,0.014
265,Newman city-CA,3289.0,1632.7,-2.0,37.6,62.4,171000.0,1019.0,1196.0,24.0,460.0,1283.0,437.0,24.0,13.0,1715.0,4.0,5.4,1992.0,3.3,3.9,2005.0,2012.0,0.0,0.0,0.0,0.0,0.0,0.0,0.292,0.0,0.414,0.579,0.13,0.291
266,Newport Beach,44678.0,1878.8,1.1,43.0,57.0,1695700.0,2118.0,3163.0,22.0,1812.0,4001.0,1081.0,27.0,11.0,9942.0,2.9,5.4,1975.0,2.4,2.1,2003.0,2012.0,0.437,0.505,0.052,0.181,0.74,0.028,0.082,0.855,0.019,0.045,0.8,0.024
267,Norco city-CA,7313.0,530.8,-0.1,18.7,81.3,476900.0,1842.0,2052.0,23.0,818.0,2466.0,625.0,25.0,12.0,3437.0,4.1,6.8,1974.0,3.4,3.3,2002.0,2011.0,0.333,0.0,0.0,0.0,0.0,0.343,0.092,0.413,0.16,0.068,0.791,0.014
268,Norwalk,28595.0,2945.3,1.8,37.0,63.0,375400.0,1450.0,1658.0,25.0,978.0,1896.0,393.0,28.0,10.0,2835.0,4.3,4.9,1957.0,3.9,3.7,2000.0,2011.0,0.379,0.4,0.102,0.486,0.111,0.213,0.458,0.372,0.081,0.142,0.734,0.02
269,Novato city-CA,22735.0,828.4,7.5,32.6,67.4,677500.0,1863.0,2223.0,23.0,1022.0,2805.0,687.0,26.0,13.0,5249.0,3.2,5.6,1974.0,2.4,2.7,2002.0,2012.0,0.37,0.258,0.123,0.39,0.389,0.051,0.076,0.811,0.03,0.077,0.839,0.002
270,Oakdale city-CA,8249.0,1364.7,5.5,41.3,58.7,263800.0,1012.0,1526.0,23.0,562.0,1722.0,525.0,24.0,14.0,2347.0,3.4,5.4,1987.0,2.9,2.7,2005.0,2012.0,1.0,0.0,0.0,0.0,0.031,0.273,0.33,0.046,0.373,0.636,0.173,0.087
271,Oakland city-CA,169303.0,3029.1,-0.2,60.2,39.8,564500.0,1255.0,2021.0,22.0,1059.0,2480.0,630.0,26.0,12.0,4815.0,3.5,4.4,1951.0,2.7,2.5,2002.0,2011.0,0.244,0.106,0.247,0.364,0.26,0.19,0.382,0.389,0.111,0.187,0.595,0.047
272,Oakley,11828.0,745.2,3.0,24.7,75.3,356000.0,1450.0,1853.0,23.0,611.0,2033.0,583.0,24.0,15.0,3622.0,3.9,6.2,1993.0,3.3,3.8,2006.0,2012.0,0.0,0.0,0.0,0.071,0.0,0.587,0.241,0.093,0.31,0.226,0.668,0.061
273,Oceanside,66715.0,1617.3,3.5,44.0,56.0,423100.0,1545.0,1691.0,23.0,940.0,2126.0,532.0,27.0,12.0,2919.0,3.5,5.3,1983.0,2.7,2.9,2004.0,2012.0,0.542,0.083,0.19,0.557,0.184,0.146,0.385,0.496,0.057,0.095,0.806,0.044
274,Ojai,3226.0,741.9,-4.6,46.4,53.6,626800.0,1339.0,2009.0,23.0,1025.0,2440.0,579.0,30.0,10.0,4826.0,3.3,5.1,1964.0,2.7,2.4,2001.0,2011.0,0.132,0.0,0.429,0.382,0.142,0.152,0.646,0.305,0.024,0.208,0.777,0.0
275,Ontario city-CA,52447.0,1050.3,10.5,46.5,53.5,320000.0,1353.0,1539.0,23.0,860.0,1732.0,422.0,26.0,10.0,2169.0,4.1,5.1,1976.0,3.5,3.4,2002.0,2012.0,0.227,0.217,0.332,0.37,0.132,0.345,0.567,0.284,0.092,0.235,0.675,0.023
276,Orange,44250.0,1745.0,-1.9,43.0,57.0,604300.0,1651.0,2087.0,22.0,1176.0,2516.0,517.0,25.0,10.0,3912.0,3.7,5.5,1972.0,3.0,3.2,2001.0,2012.0,0.471,0.285,0.044,0.47,0.317,0.117,0.325,0.6,0.033,0.091,0.818,0.014
277,Orange Cove,2407.0,1343.3,7.9,58.3,41.7,118800.0,759.0,893.0,26.0,404.0,1058.0,377.0,29.0,11.0,1169.0,4.7,5.3,1990.0,4.1,4.5,2001.0,2010.0,0.0,0.0,0.0,0.0,0.0,0.0,0.026,0.0,0.344,0.281,0.012,0.387
278,Orinda,7137.0,555.3,4.9,11.6,88.4,1221800.0,2231.0,3439.0,18.0,822.0,4001.0,906.0,22.0,10.0,8786.0,3.2,7.3,1959.0,2.8,2.5,1998.0,2013.0,0.0,0.0,0.0,0.0,0.05,0.0,0.185,0.815,0.0,0.01,0.789,0.127
279,Orland,2787.0,956.4,4.8,47.3,52.7,196200.0,752.0,1042.0,22.0,622.0,1285.0,365.0,26.0,13.0,1486.0,3.6,5.0,1977.0,3.1,2.8,2002.0,2011.0,0.0,0.0,0.0,0.075,0.0,0.081,0.153,0.0,0.416,0.222,0.032,0.416
280,Oroville city-CA,7107.0,537.9,14.7,52.2,47.8,160900.0,797.0,875.0,21.0,440.0,1156.0,349.0,25.0,12.0,1344.0,3.6,4.9,1966.0,2.6,3.0,2003.0,2012.0,0.0,0.0,0.095,0.015,0.017,0.105,0.15,0.018,0.406,0.5,0.14,0.112
281,Oxnard city-CA,54467.0,2024.7,3.2,46.7,53.3,390000.0,1444.0,1751.0,24.0,1095.0,2090.0,486.0,28.0,10.0,3238.0,4.6,5.2,1975.0,3.8,4.2,2002.0,2012.0,0.285,0.118,0.387,0.44,0.184,0.19,0.527,0.334,0.066,0.131,0.744,0.046
282,Pacific Grove,8425.0,2948.0,3.1,52.6,47.4,764600.0,1606.0,1718.0,19.0,1179.0,2851.0,477.0,26.0,10.0,4415.0,3.0,4.7,1957.0,2.3,2.2,1998.0,2011.0,0.3,0.411,0.23,0.549,0.252,0.093,0.271,0.661,0.038,0.166,0.69,0.0
283,Pacifica,14685.0,1159.8,1.1,31.8,68.2,740700.0,2110.0,2469.0,22.0,1068.0,2841.0,531.0,26.0,10.0,5198.0,3.4,5.4,1965.0,2.9,2.5,1997.0,2011.0,0.053,0.712,0.0,0.339,0.51,0.008,0.059,0.882,0.006,0.051,0.884,0.0
284,Palm Desert,39788.0,1484.1,7.3,38.8,61.2,328300.0,1195.0,1324.0,23.0,696.0,1951.0,744.0,27.0,16.0,3309.0,2.9,4.5,1986.0,2.0,2.3,2005.0,2012.0,0.114,0.07,0.266,0.43,0.062,0.246,0.552,0.223,0.131,0.221,0.598,0.063
285,Palm Springs city-CA,37055.0,394.0,6.5,41.1,58.9,340600.0,1006.0,1151.0,23.0,742.0,1885.0,675.0,28.0,16.0,2832.0,2.9,4.4,1976.0,1.9,2.1,2005.0,2012.0,0.088,0.144,0.235,0.193,0.029,0.539,0.472,0.172,0.234,0.286,0.44,0.056
286,Palmdale,47965.0,452.6,3.1,36.0,64.0,229200.0,1214.0,1453.0,25.0,534.0,1610.0,528.0,27.0,12.0,3140.0,4.2,5.7,1989.0,3.6,3.6,2005.0,2012.0,0.162,0.021,0.376,0.111,0.014,0.322,0.311,0.044,0.365,0.347,0.512,0.045
287,Palo Alto,27577.0,1155.2,-2.3,45.1,54.9,1989300.0,2379.0,2837.0,18.0,1586.0,4001.0,856.0,25.0,10.0,9422.0,3.1,5.2,1962.0,2.7,2.4,1999.0,2012.0,0.121,0.489,0.094,0.1,0.697,0.014,0.107,0.814,0.015,0.071,0.789,0.032
288,Palos Verdes Estates,5360.0,1122.8,1.5,14.0,86.0,1637600.0,2850.0,3157.0,20.0,1205.0,4001.0,866.0,23.0,11.0,10001.0,3.1,7.2,1960.0,2.8,3.1,1996.0,2012.0,0.0,0.0,,0.0,1.0,,0.169,0.738,,0.0,0.877,
289,Paramount,14947.0,3160.4,2.6,61.1,38.9,304400.0,1256.0,1394.0,24.0,946.0,1727.0,413.0,29.0,10.0,2433.0,4.4,4.4,1969.0,3.9,3.8,2002.0,2011.0,0.194,0.0,0.401,0.418,0.044,0.36,0.583,0.256,0.077,0.336,0.516,0.083
290,Parlier,3972.0,1737.3,13.7,56.5,43.5,131700.0,773.0,993.0,25.0,454.0,1126.0,384.0,29.0,12.0,1218.0,4.4,4.9,1992.0,3.9,4.1,2001.0,2012.0,0.0,0.0,0.0,0.0,0.0,0.148,0.075,0.0,0.349,0.328,0.068,0.302
291,Pasadena city-CA,60286.0,2623.1,1.2,56.4,43.6,689700.0,1494.0,2256.0,23.0,1150.0,2717.0,718.0,26.0,11.0,4615.0,3.4,4.4,1958.0,2.6,2.4,2001.0,2012.0,0.353,0.255,0.212,0.443,0.332,0.096,0.285,0.615,0.035,0.153,0.697,0.048
292,Patterson,6100.0,1024.5,-3.6,38.4,61.6,258600.0,1373.0,1481.0,24.0,601.0,1666.0,479.0,24.0,28.0,2669.0,4.1,6.3,1998.0,3.7,3.8,2006.0,2012.0,1.0,0.0,0.0,0.0,0.0,0.382,0.071,0.0,0.44,0.352,0.479,0.057
293,Perris,17545.0,558.9,-2.0,37.4,62.6,239800.0,1306.0,1470.0,27.0,680.0,1617.0,452.0,29.0,12.0,3271.0,4.9,5.6,1997.0,4.5,4.5,2007.0,2012.0,0.222,0.153,0.431,0.082,0.0,0.379,0.53,0.095,0.159,0.339,0.544,0.055
294,Petaluma city-CA,22984.0,1598.1,1.1,33.9,66.1,556900.0,1667.0,2009.0,22.0,871.0,2365.0,575.0,25.0,11.0,3860.0,3.3,5.6,1979.0,2.7,2.7,2001.0,2012.0,0.445,0.125,0.156,0.194,0.32,0.125,0.276,0.566,0.059,0.138,0.727,0.016
295,Pico Rivera,17524.0,2112.5,2.4,33.2,66.8,380200.0,1259.0,1535.0,23.0,1038.0,1854.0,358.0,28.0,10.0,2790.0,4.4,5.1,1956.0,3.9,3.4,1996.0,2011.0,0.248,0.008,0.501,0.509,0.029,0.181,0.573,0.272,0.053,0.203,0.562,0.057
296,Piedmont,3988.0,2346.3,1.6,12.5,87.5,1715700.0,2929.0,3069.0,18.0,1261.0,4001.0,1408.0,24.0,10.0,10001.0,3.2,7.7,1939.0,2.8,3.1,1996.0,2012.0,0.0,0.0,0.0,0.314,0.549,0.137,0.102,0.898,0.0,0.0,0.771,0.0
297,Pinole,7211.0,1400.2,0.7,29.8,70.2,431800.0,1666.0,1775.0,19.0,747.0,2138.0,497.0,24.0,10.0,4022.0,3.4,5.7,1969.0,2.8,2.9,1997.0,2012.0,0.0,0.796,0.204,0.341,0.127,0.333,0.374,0.487,0.074,0.07,0.859,0.0
298,Pismo Beach,5668.0,1574.8,1.5,42.1,57.9,633300.0,1431.0,1599.0,22.0,1090.0,2683.0,573.0,33.0,11.0,4184.0,2.7,4.7,1980.0,2.0,1.9,2002.0,2012.0,0.038,0.033,0.663,0.211,0.08,0.412,0.477,0.468,0.024,0.0,0.731,0.0
299,Pittsburg,22184.0,1290.7,5.0,43.9,56.1,324500.0,1517.0,1653.0,22.0,693.0,1927.0,498.0,26.0,10.0,2838.0,3.9,5.6,1981.0,3.3,3.2,2004.0,2012.0,0.52,0.159,0.215,0.323,0.194,0.212,0.368,0.444,0.068,0.182,0.694,0.019
300,Placentia,16813.0,2542.2,-0.3,35.1,64.9,585800.0,1662.0,2127.0,23.0,1099.0,2640.0,599.0,25.0,12.0,4194.0,3.7,5.7,1975.0,3.1,3.3,2001.0,2012.0,0.385,0.178,0.185,0.465,0.309,0.164,0.31,0.613,0.037,0.104,0.766,0.014
301,Placerville city-CA,4358.0,749.8,-4.0,41.7,58.3,298900.0,1031.0,1494.0,26.0,675.0,1829.0,540.0,31.0,13.0,2172.0,3.4,5.1,1973.0,2.5,2.6,2004.0,2012.0,0.0,0.0,1.0,0.053,0.125,0.498,0.44,0.053,0.339,0.48,0.279,0.16
302,Pleasant Hill,14120.0,1995.6,-1.4,39.1,60.9,633400.0,1856.0,2159.0,21.0,826.0,2507.0,563.0,24.0,10.0,4496.0,3.1,5.4,1973.0,2.6,2.4,2000.0,2012.0,0.508,0.456,0.0,0.576,0.324,0.038,0.156,0.808,0.029,0.043,0.871,0.029
303,Pleasanton,29064.0,1190.1,11.6,30.3,69.7,879800.0,2140.0,2824.0,21.0,856.0,3287.0,672.0,23.0,10.0,6291.0,3.2,6.2,1982.0,2.9,2.6,2002.0,2012.0,0.108,0.582,0.171,0.154,0.552,0.191,0.079,0.877,0.014,0.055,0.893,0.019
304,Plymouth,449.0,482.4,-8.9,35.9,64.1,183300.0,1087.0,1214.0,24.0,439.0,1420.0,450.0,35.0,12.0,1762.0,3.5,5.3,1982.0,3.0,3.1,2006.0,2011.0,0.0,0.0,0.0,0.0,0.0,0.0,0.116,0.0,0.535,0.529,0.471,0.0
305,Point Arena,253.0,187.4,12.4,55.7,44.3,363600.0,839.0,664.0,20.0,1050.0,1449.0,461.0,36.0,10.0,2486.0,3.5,4.4,1957.0,2.3,2.4,1998.0,2010.0,0.0,0.0,0.0,0.0,0.0,0.333,0.333,0.167,0.222,0.576,0.0,0.273
306,Pomona,40530.0,1765.8,-0.4,47.4,52.6,344200.0,1246.0,1558.0,24.0,973.0,1792.0,455.0,28.0,10.0,2752.0,4.4,5.0,1964.0,3.8,3.8,2001.0,2012.0,0.369,0.067,0.221,0.261,0.09,0.483,0.541,0.246,0.146,0.257,0.62,0.053
307,Port Hueneme,7803.0,1753.2,-4.0,54.0,46.0,356500.0,1604.0,1733.0,28.0,957.0,1980.0,499.0,29.0,16.0,2560.0,4.0,4.7,1974.0,3.1,3.4,2003.0,2012.0,0.279,0.493,0.0,0.508,0.064,0.135,0.434,0.487,0.056,0.04,0.842,0.035
308,Porterville city-CA,17967.0,1020.4,7.4,46.5,53.5,163100.0,865.0,987.0,21.0,453.0,1243.0,366.0,26.0,10.0,1252.0,4.1,5.2,1980.0,3.5,3.3,2004.0,2012.0,0.099,0.026,0.194,0.078,0.13,0.024,0.13,0.052,0.397,0.486,0.116,0.217
309,Portola,1319.0,244.0,16.3,48.7,51.3,153200.0,706.0,786.0,22.0,374.0,1316.0,437.0,29.0,14.0,1102.0,3.1,5.2,1971.0,2.2,2.2,2003.0,2009.0,0.0,0.0,0.0,0.0,0.0,0.0,0.065,0.0,0.403,0.123,0.074,0.153
310,Poway,16418.0,420.1,-1.8,25.6,74.4,620500.0,1487.0,2456.0,23.0,956.0,2762.0,707.0,25.0,11.0,4348.0,3.5,6.1,1978.0,3.1,3.2,2002.0,2012.0,0.15,0.425,0.212,0.428,0.183,0.149,0.408,0.38,0.039,0.118,0.718,0.088
311,Rancho Cordova city-CA,25660.0,736.2,0.7,46.2,53.8,251500.0,1074.0,1425.0,21.0,569.0,1690.0,455.0,24.0,11.0,2198.0,3.5,5.1,1977.0,2.8,2.9,2005.0,2012.0,0.148,0.014,0.196,0.243,0.002,0.433,0.435,0.043,0.428,0.362,0.5,0.065
312,Rancho Cucamonga,58435.0,1465.9,3.2,38.7,61.3,444200.0,1654.0,2020.0,24.0,781.0,2301.0,583.0,26.0,11.0,3669.0,3.7,5.6,1987.0,3.2,2.9,2004.0,2013.0,0.362,0.257,0.205,0.574,0.247,0.091,0.281,0.612,0.055,0.094,0.842,0.029
313,Rancho Mirage,15626.0,630.8,9.7,21.6,78.4,483100.0,1251.0,1513.0,24.0,687.0,2451.0,1038.0,31.0,19.0,5285.0,2.5,5.3,1984.0,1.9,1.9,2005.0,,0.025,0.617,0.092,0.201,0.125,0.28,0.429,0.342,0.086,0.022,0.688,0.087
314,Rancho Palos Verdes,16815.0,1248.6,3.9,20.4,79.6,1051000.0,2391.0,2521.0,22.0,1048.0,3517.0,753.0,27.0,10.0,7089.0,3.1,6.5,1966.0,2.6,2.7,1998.0,2012.0,0.593,0.253,0.0,0.034,0.731,0.123,0.015,0.936,0.033,0.041,0.8,0.005
315,Rancho Santa Margarita,17814.0,1381.4,3.2,29.1,70.9,619200.0,1812.0,2609.0,25.0,832.0,2829.0,719.0,26.0,11.0,5653.0,3.3,5.6,1992.0,2.9,2.6,2004.0,2013.0,0.455,0.545,0.0,0.362,0.526,0.022,0.086,0.866,0.011,0.0,0.957,0.0
316,Red Bluff city-CA,6128.0,810.3,4.4,56.7,43.3,158000.0,797.0,830.0,20.0,520.0,1045.0,333.0,25.0,11.0,987.0,3.3,4.9,1973.0,2.5,2.5,2003.0,2013.0,0.0,0.0,0.571,0.104,0.0,0.079,0.077,0.025,0.441,0.429,0.032,0.295
317,Redding city-CA,39321.0,659.2,1.7,47.6,52.4,245100.0,1000.0,1142.0,21.0,590.0,1573.0,505.0,25.0,13.0,1938.0,3.1,5.2,1982.0,2.4,2.5,2003.0,2013.0,0.129,0.199,0.204,0.098,0.027,0.28,0.349,0.021,0.471,0.442,0.368,0.079
318,Redlands,26178.0,726.5,-1.7,42.5,57.5,350900.0,1213.0,1570.0,19.0,645.0,2031.0,532.0,23.0,10.0,2739.0,3.5,5.3,1974.0,2.9,2.8,2001.0,2012.0,0.272,0.0,0.572,0.392,0.065,0.295,0.576,0.174,0.142,0.141,0.667,0.062
319,Redondo Beach,29929.0,4828.5,-2.2,49.7,50.3,817300.0,1878.0,2749.0,23.0,996.0,3159.0,633.0,26.0,10.0,5882.0,3.2,4.9,1971.0,2.6,2.3,2002.0,2012.0,0.292,0.602,0.045,0.38,0.521,0.053,0.108,0.815,0.019,0.029,0.903,0.023
320,Redwood City,30898.0,1587.2,5.9,49.1,50.9,1016700.0,1956.0,2729.0,23.0,1446.0,3346.0,735.0,26.0,12.0,6170.0,3.5,4.7,1964.0,2.8,2.8,2002.0,2012.0,0.493,0.312,0.042,0.301,0.612,0.02,0.103,0.827,0.016,0.034,0.851,0.028
321,Reedley city-CA,7653.0,1420.3,11.4,38.1,61.9,174100.0,924.0,1009.0,21.0,544.0,1375.0,437.0,25.0,12.0,1599.0,3.9,5.4,1979.0,3.2,3.7,2000.0,2012.0,0.0,0.0,0.436,0.035,0.074,0.403,0.266,0.019,0.441,0.437,0.11,0.278
322,Rialto,27338.0,1223.6,0.5,36.5,63.5,260200.0,1147.0,1402.0,24.0,733.0,1594.0,448.0,28.0,12.0,2154.0,4.4,5.5,1981.0,4.0,3.9,2003.0,2012.0,0.038,0.158,0.636,0.09,0.0,0.572,0.539,0.083,0.241,0.346,0.514,0.043
323,Richmond,39534.0,1315.5,0.5,49.7,50.3,371900.0,1329.0,1592.0,23.0,871.0,1994.0,504.0,28.0,10.0,3833.0,3.7,4.9,1965.0,2.9,3.0,2001.0,2012.0,0.316,0.108,0.283,0.357,0.212,0.185,0.393,0.351,0.111,0.254,0.57,0.043
324,Ridgecrest,12534.0,603.6,5.2,37.5,62.5,169500.0,865.0,975.0,15.0,310.0,1352.0,395.0,18.0,10.0,1549.0,3.4,5.4,1979.0,2.6,2.5,2002.0,2013.0,0.0,0.05,0.0,0.045,0.097,0.137,0.133,0.019,0.338,0.307,0.251,0.277
325,Rio Dell,1610.0,705.8,11.7,39.2,60.8,198700.0,766.0,1162.0,27.0,520.0,1311.0,361.0,31.0,13.0,1286.0,3.4,4.8,1958.0,2.6,2.1,2004.0,2010.0,0.0,0.0,0.0,0.0,0.0,0.112,0.198,0.0,0.385,0.366,0.261,0.197
326,Rio Vista,4395.0,662.3,13.0,23.0,77.0,269200.0,1349.0,1057.0,22.0,501.0,1603.0,442.0,27.0,14.0,2694.0,2.5,5.4,2001.0,2.0,2.3,2006.0,2012.0,0.0,0.0,0.0,0.286,0.0,0.532,0.549,0.224,0.137,0.439,0.471,0.0
327,Ripon city-CA,5320.0,1002.9,3.7,29.7,70.3,381300.0,1328.0,1821.0,20.0,607.0,2167.0,514.0,22.0,10.0,3109.0,3.4,6.2,1990.0,2.9,3.1,2003.0,,0.0,0.0,0.0,0.072,0.17,0.176,0.248,0.168,0.353,0.321,0.621,0.0
328,Riverbank,7449.0,1820.3,5.4,32.4,67.6,247200.0,1111.0,1275.0,20.0,584.0,1518.0,410.0,23.0,10.0,2327.0,3.9,5.6,1994.0,3.3,3.4,2005.0,,0.409,0.0,0.0,0.027,0.0,0.317,0.2,0.03,0.603,0.549,0.253,0.082
329,Riverside city-CA,97018.0,1195.1,-1.4,45.8,54.2,319200.0,1249.0,1556.0,22.0,766.0,1805.0,465.0,25.0,10.0,2359.0,4.1,5.3,1975.0,3.5,3.3,2003.0,2012.0,0.244,0.073,0.295,0.388,0.063,0.358,0.575,0.205,0.144,0.257,0.637,0.048
330,Rocklin city-CA,22496.0,1151.0,2.2,33.8,66.2,421700.0,1468.0,2084.0,22.0,610.0,2351.0,628.0,24.0,12.0,4560.0,3.4,6.1,1996.0,3.0,2.5,2006.0,2013.0,0.271,0.421,0.117,0.488,0.107,0.158,0.489,0.357,0.09,0.132,0.822,0.012
331,Rohnert Park,16550.0,2363.2,-0.0,48.4,51.6,377200.0,1539.0,1590.0,23.0,755.0,1901.0,598.0,26.0,13.0,2836.0,3.3,4.9,1980.0,2.6,2.6,2002.0,2012.0,0.451,0.072,0.333,0.528,0.226,0.144,0.428,0.491,0.053,0.06,0.838,0.021
332,"                    0
0  Rolling-Hills-city",716.0,235.7,,98.5,1.5,1000001.0,2001.0,3500.0,,838.0,4001.0,1001.0,29.0,14.0,10001.0,2.9,8.2,1959.0,2.7,2.8,1994.0,2006.0,,,,,,,,,,,,
333,Rolling Hills Estates,3192.0,894.3,3.0,7.5,92.5,1096400.0,2945.0,3145.0,24.0,1052.0,3994.0,881.0,28.0,12.0,8293.0,3.2,6.8,1967.0,2.7,2.7,2000.0,2011.0,,0.0,,,0.556,,,0.836,,,0.816,
334,Rosemead,15525.0,3007.4,4.9,50.5,49.5,489700.0,1233.0,1256.0,22.0,1397.0,2030.0,449.0,33.0,10.0,3570.0,4.1,4.4,1959.0,3.6,3.7,1998.0,2010.0,0.311,0.0,0.256,0.364,0.029,0.269,0.626,0.177,0.085,0.334,0.473,0.051
335,Roseville city-CA,49983.0,1184.1,4.7,35.3,64.7,386300.0,1441.0,1794.0,21.0,599.0,2110.0,576.0,23.0,11.0,3652.0,3.3,5.8,1994.0,2.8,2.5,2006.0,2013.0,0.188,0.269,0.253,0.401,0.133,0.334,0.461,0.314,0.154,0.139,0.782,0.004
336,Sacramento city-CA,194917.0,1990.5,2.1,52.7,47.3,287600.0,1114.0,1349.0,21.0,623.0,1707.0,471.0,24.0,10.0,2292.0,3.6,5.0,1974.0,2.7,2.6,2004.0,2012.0,0.183,0.054,0.228,0.253,0.069,0.337,0.465,0.158,0.24,0.402,0.41,0.07
337,Salinas city-CA,42253.0,1789.6,-0.9,55.5,44.5,342100.0,1232.0,1568.0,23.0,945.0,1887.0,441.0,27.0,10.0,2791.0,4.5,4.8,1975.0,3.7,3.9,2002.0,2012.0,0.173,0.095,0.315,0.414,0.072,0.294,0.607,0.184,0.122,0.21,0.651,0.065
338,San Bernardino city-CA,63023.0,1024.5,-3.6,53.2,46.8,202100.0,987.0,1123.0,22.0,595.0,1405.0,400.0,27.0,12.0,1504.0,4.2,4.8,1969.0,3.6,3.5,2003.0,2012.0,0.104,0.037,0.269,0.122,0.014,0.398,0.404,0.047,0.382,0.427,0.382,0.078
339,San Bruno,15440.0,2827.2,0.5,44.0,56.0,754700.0,1999.0,2120.0,22.0,1227.0,2826.0,499.0,27.0,10.0,3960.0,3.5,4.8,1960.0,2.9,2.7,1998.0,2012.0,0.385,0.486,0.053,0.228,0.685,0.074,0.13,0.827,0.011,0.028,0.838,0.054
340,San Carlos,11894.0,2152.3,-1.0,28.6,71.4,1240800.0,2043.0,3115.0,20.0,1099.0,3904.0,821.0,24.0,10.0,8310.0,3.2,5.7,1959.0,2.8,2.3,2000.0,2011.0,0.245,0.565,0.12,0.445,0.531,0.015,0.081,0.835,0.014,0.053,0.864,0.0
341,San Clemente,27863.0,1517.9,7.3,34.3,65.7,849300.0,1775.0,2626.0,22.0,1086.0,3257.0,768.0,26.0,11.0,5812.0,3.2,5.6,1981.0,2.7,2.5,2003.0,2012.0,0.341,0.357,0.186,0.555,0.306,0.087,0.12,0.813,0.025,0.063,0.828,0.016
342,San Diego city-CA,533973.0,1642.0,3.5,53.2,46.8,523600.0,1503.0,1925.0,22.0,991.0,2377.0,558.0,26.0,10.0,3616.0,3.5,4.6,1976.0,2.8,2.7,2002.0,2012.0,0.306,0.215,0.229,0.411,0.27,0.215,0.316,0.559,0.055,0.135,0.732,0.036
343,San Dimas,12347.0,821.1,-1.3,28.2,71.8,513300.0,1610.0,1890.0,23.0,835.0,2336.0,607.0,26.0,14.0,3702.0,3.5,5.9,1975.0,3.0,2.6,1999.0,2012.0,0.57,0.27,0.128,0.36,0.246,0.215,0.335,0.573,0.025,0.074,0.8,0.024
344,San Fernando,6596.0,2778.4,4.8,45.9,54.1,370300.0,1245.0,1641.0,24.0,989.0,1866.0,403.0,28.0,12.0,3262.0,4.5,5.0,1957.0,4.0,3.8,1998.0,2009.0,0.234,0.0,0.285,0.285,0.0,0.585,0.477,0.341,0.182,0.298,0.638,0.0
345,San Francisco,390376.0,8324.6,3.6,62.7,37.3,927400.0,1709.0,2435.0,21.0,1237.0,3332.0,615.0,26.0,10.0,6019.0,3.3,4.1,1942.0,2.7,2.1,2001.0,2011.0,0.207,0.316,0.114,0.193,0.572,0.075,0.161,0.662,0.059,0.112,0.671,0.06
346,San Gabriel,13282.0,3204.7,0.3,54.8,45.2,628300.0,1333.0,1679.0,22.0,1557.0,2323.0,579.0,29.0,11.0,4569.0,3.8,4.6,1958.0,3.4,3.1,1999.0,2011.0,0.312,0.286,0.174,0.454,0.062,0.426,0.601,0.289,0.044,0.177,0.58,0.021
347,San Jacinto,14162.0,550.7,-5.4,35.1,64.9,188200.0,1106.0,1126.0,23.0,485.0,1438.0,428.0,27.0,13.0,1975.0,4.3,5.6,1991.0,3.5,3.9,2008.0,2013.0,0.507,0.0,0.217,0.101,0.0,0.215,0.267,0.033,0.357,0.34,0.422,0.124
348,San Joaquin,1085.0,906.1,16.2,61.9,38.1,117400.0,508.0,979.0,26.0,443.0,1045.0,388.0,28.0,10.0,1208.0,4.3,4.9,1988.0,4.8,3.6,2000.0,2011.0,0.0,0.0,0.0,0.0,0.0,0.11,0.0,0.062,0.056,0.237,0.0,0.189
349,San Jose city-CA,331510.0,1877.5,5.6,42.5,57.5,714200.0,1822.0,2338.0,22.0,1152.0,2872.0,657.0,25.0,10.0,5788.0,3.8,5.2,1975.0,3.2,3.1,2002.0,2012.0,0.279,0.408,0.107,0.31,0.48,0.074,0.197,0.699,0.026,0.088,0.79,0.028
350,San Juan Bautista,906.0,1273.9,21.6,53.2,46.8,424700.0,1464.0,1750.0,25.0,812.0,2147.0,479.0,30.0,10.0,2734.0,3.6,5.0,1968.0,2.6,2.9,1996.0,2011.0,0.217,0.478,0.0,0.213,0.0,0.59,0.487,0.419,0.094,0.023,0.823,0.154
351,San Juan Capistrano,12905.0,906.6,8.1,25.8,74.2,635100.0,1886.0,2262.0,26.0,1162.0,2858.0,704.0,30.0,13.0,4512.0,3.6,5.9,1977.0,2.7,3.5,2003.0,2011.0,0.331,0.669,0.0,0.537,0.242,0.157,0.202,0.721,0.0,0.041,0.902,0.033
352,San Leandro,33524.0,2511.7,3.4,45.4,54.6,474500.0,1392.0,1679.0,21.0,950.0,2194.0,495.0,26.0,10.0,3880.0,3.5,4.9,1959.0,2.9,2.6,2001.0,2011.0,0.566,0.097,0.062,0.515,0.157,0.184,0.423,0.483,0.046,0.167,0.653,0.03
353,San Luis Obispo city-CA,20332.0,1548.5,-1.1,61.7,38.3,590800.0,1403.0,1523.0,20.0,1155.0,2279.0,450.0,26.0,10.0,3471.0,3.0,4.5,1975.0,2.3,2.5,2002.0,2013.0,0.249,0.083,0.526,0.391,0.176,0.283,0.349,0.495,0.064,0.18,0.643,0.05
354,San Marcos,30491.0,1251.4,6.5,38.7,61.3,455700.0,1446.0,2085.0,25.0,904.0,2580.0,654.0,27.0,14.0,4458.0,3.8,5.8,1990.0,3.0,3.4,2006.0,2012.0,0.26,0.452,0.0,0.457,0.189,0.222,0.502,0.339,0.076,0.137,0.688,0.079
355,San Marino,4943.0,1312.1,10.4,15.7,84.3,1550100.0,3501.0,3076.0,22.0,1508.0,4001.0,1278.0,25.0,16.0,10001.0,3.2,7.1,1943.0,2.9,3.3,1998.0,,,0.0,,,1.0,,,0.891,,,0.91,
356,San Mateo,40657.0,3351.9,1.6,45.1,54.9,921700.0,2041.0,2440.0,21.0,1215.0,3174.0,679.0,25.0,10.0,5998.0,3.4,4.8,1962.0,2.7,2.6,2002.0,2012.0,0.254,0.531,0.102,0.308,0.602,0.037,0.096,0.861,0.019,0.087,0.841,0.018
357,San Pablo,9851.0,3746.1,2.9,61.9,38.1,270400.0,1211.0,1227.0,22.0,758.0,1606.0,456.0,27.0,13.0,2764.0,4.0,4.4,1968.0,3.2,3.3,2001.0,2012.0,0.253,0.0,0.164,0.4,0.099,0.251,0.574,0.203,0.119,0.19,0.67,0.027
358,San Rafael city-CA,23814.0,1437.4,-0.8,47.7,52.3,816700.0,1718.0,2483.0,21.0,1202.0,3120.0,760.0,25.0,11.0,6499.0,3.3,4.8,1966.0,2.3,2.7,2001.0,2011.0,0.361,0.24,0.105,0.356,0.418,0.05,0.124,0.789,0.008,0.036,0.893,0.0
359,San Ramon,25765.0,1383.2,-1.7,29.9,70.1,863800.0,2152.0,3280.0,23.0,826.0,3572.0,860.0,24.0,10.0,8292.0,3.5,6.2,1991.0,3.2,2.6,2006.0,2013.0,0.174,0.77,0.0,0.127,0.751,0.064,0.114,0.846,0.011,0.06,0.922,0.0
360,Sand City,154.0,273.8,6.2,89.3,10.7,604200.0,1390.0,,31.0,1426.0,1938.0,600.0,31.0,28.0,4625.0,3.4,3.6,1993.0,1.7,2.2,2007.0,2012.0,0.304,0.13,0.304,0.244,0.463,0.268,0.227,0.409,0.318,0.118,0.765,0.0
361,Sanger city-CA,7260.0,1269.3,2.2,42.1,57.9,178900.0,899.0,1125.0,22.0,501.0,1270.0,404.0,25.0,12.0,1398.0,4.2,5.2,1979.0,3.7,3.4,2003.0,2011.0,0.246,0.0,0.082,0.0,0.0,0.122,0.024,0.032,0.566,0.359,0.223,0.338
362,Santa Ana,77957.0,2871.8,1.4,54.6,45.4,421600.0,1416.0,1548.0,22.0,1395.0,1982.0,436.0,28.0,10.0,2764.0,4.9,4.5,1968.0,4.3,4.4,2000.0,2011.0,0.454,0.113,0.282,0.558,0.161,0.188,0.449,0.459,0.04,0.131,0.775,0.033
363,Santa Barbara,39012.0,2001.7,3.2,59.3,40.7,934500.0,1640.0,2134.0,22.0,1881.0,2919.0,714.0,25.0,13.0,5049.0,3.3,4.4,1963.0,2.5,2.5,1999.0,2012.0,0.451,0.253,0.135,0.423,0.336,0.069,0.108,0.772,0.056,0.064,0.804,0.039
364,Santa Clara,45577.0,2475.8,1.0,56.7,43.3,831600.0,2096.0,2376.0,20.0,1036.0,2934.0,509.0,25.0,10.0,5468.0,3.4,4.3,1970.0,2.8,2.7,2003.0,2012.0,0.313,0.504,0.096,0.185,0.706,0.066,0.15,0.813,0.008,0.054,0.833,0.04
365,Santa Clarita,69781.0,1323.3,12.5,32.3,67.7,461500.0,1757.0,2173.0,23.0,736.0,2476.0,667.0,25.0,11.0,4740.0,3.6,5.6,1986.0,3.0,3.1,2004.0,2012.0,0.247,0.487,0.123,0.395,0.381,0.112,0.253,0.685,0.019,0.072,0.871,0.013
366,Santa Cruz city-CA,24092.0,1891.0,3.3,53.0,47.0,750600.0,1634.0,2004.0,21.0,1241.0,2757.0,584.0,25.0,11.0,4304.0,3.2,4.5,1966.0,2.5,2.4,1998.0,2012.0,0.309,0.188,0.278,0.311,0.398,0.091,0.157,0.714,0.043,0.127,0.739,0.055
367,Santa Fe Springs,5292.0,596.4,6.4,36.1,63.9,409200.0,1319.0,1815.0,24.0,957.0,2073.0,364.0,28.0,10.0,3104.0,4.1,5.0,1959.0,3.7,3.0,1998.0,2011.0,0.455,0.153,0.131,0.524,0.094,0.062,0.475,0.311,0.084,0.126,0.731,0.076
368,Santa Maria city-CA,28887.0,1268.1,2.1,49.9,50.1,297200.0,1269.0,1414.0,21.0,962.0,1744.0,442.0,25.0,11.0,2351.0,4.4,4.9,1979.0,3.3,4.1,2004.0,2011.0,0.112,0.095,0.297,0.318,0.138,0.338,0.544,0.203,0.146,0.17,0.657,0.071
369,Santa Monica city-CA,51426.0,6111.1,1.0,72.3,27.7,1168500.0,1669.0,2734.0,23.0,1463.0,3616.0,903.0,27.0,13.0,7090.0,3.0,3.8,1966.0,2.4,1.8,2001.0,2011.0,0.28,0.349,0.103,0.19,0.555,0.144,0.238,0.643,0.065,0.24,0.597,0.034
370,Santa Paula city-CA,9199.0,2003.0,5.1,45.0,55.0,349500.0,1161.0,1505.0,23.0,950.0,1906.0,438.0,28.0,10.0,2329.0,4.0,5.0,1966.0,3.4,3.4,2001.0,2011.0,0.186,0.0,0.627,0.368,0.012,0.328,0.643,0.116,0.128,0.288,0.504,0.07
371,Santa Rosa city-CA,67537.0,1635.6,0.2,46.9,53.1,458500.0,1432.0,1684.0,22.0,951.0,2134.0,561.0,26.0,12.0,3427.0,3.4,5.0,1978.0,2.6,2.7,2003.0,2012.0,0.359,0.141,0.263,0.453,0.143,0.189,0.424,0.437,0.059,0.152,0.761,0.03
372,Santee,20311.0,1251.4,1.3,31.0,69.0,397200.0,1593.0,1853.0,24.0,718.0,2190.0,575.0,26.0,12.0,2851.0,3.4,5.4,1977.0,2.8,2.9,2003.0,2012.0,0.115,0.82,0.065,0.483,0.088,0.227,0.442,0.428,0.072,0.115,0.828,0.008
373,Saratoga,11282.0,904.1,1.4,15.6,84.4,1933900.0,2397.0,3284.0,20.0,1330.0,4001.0,1102.0,26.0,10.0,10001.0,3.2,7.4,1967.0,2.8,2.7,1998.0,2012.0,0.0,0.233,0.0,0.111,0.228,0.058,0.025,0.759,0.0,0.061,0.77,0.028
374,Sausalito,4676.0,2641.1,3.1,50.8,49.2,1163500.0,1998.0,2869.0,24.0,1111.0,3782.0,1291.0,27.0,17.0,10001.0,2.5,4.6,1961.0,1.9,1.6,2001.0,2011.0,0.296,0.37,0.333,0.162,0.797,0.041,0.05,0.929,0.0,0.17,0.83,0.0
375,Scotts Valley,4527.0,980.3,-1.8,27.7,72.3,717800.0,1999.0,2486.0,24.0,941.0,3134.0,777.0,29.0,12.0,5312.0,3.3,5.6,1984.0,2.8,2.3,2004.0,2012.0,0.393,0.228,0.221,0.121,0.42,0.328,0.0,0.796,0.083,0.043,0.957,0.0
376,Seal Beach,13604.0,1205.8,-6.6,24.6,75.4,338100.0,1758.0,649.0,16.0,439.0,2935.0,419.0,27.0,11.0,2241.0,2.7,4.3,1966.0,1.9,2.1,2004.0,2012.0,0.445,0.34,0.105,0.457,0.413,0.051,0.078,0.743,0.008,0.025,0.865,0.0
377,Seaside,11057.0,1196.6,1.7,59.7,40.3,413600.0,1599.0,1596.0,23.0,1111.0,2050.0,403.0,28.0,10.0,2445.0,4.0,4.9,1965.0,2.9,3.4,2000.0,2012.0,0.418,0.297,0.225,0.367,0.039,0.354,0.368,0.453,0.128,0.132,0.809,0.024
378,Sebastopol,3637.0,1955.2,5.0,50.2,49.8,543100.0,1314.0,1601.0,23.0,1050.0,2160.0,553.0,28.0,11.0,3335.0,2.9,4.9,1973.0,2.2,2.2,2000.0,2011.0,0.0,0.0,0.0,0.291,0.13,0.288,0.525,0.383,0.0,0.413,0.495,0.0
379,Selma city-CA,7137.0,1389.1,4.8,41.8,58.2,171200.0,891.0,1160.0,22.0,479.0,1397.0,406.0,24.0,11.0,1949.0,4.2,5.2,1979.0,3.5,3.8,2002.0,2012.0,0.0,0.0,0.0,0.023,0.0,0.147,0.229,0.0,0.451,0.577,0.159,0.137
380,Shafter city-CA,4954.0,177.3,9.6,46.8,53.2,163700.0,792.0,1135.0,23.0,518.0,1319.0,409.0,27.0,10.0,1705.0,4.3,5.1,1985.0,3.9,3.7,2003.0,2012.0,0.0,0.0,0.253,0.0,0.0,0.0,0.095,0.0,0.397,0.285,0.2,0.257
381,Shasta Lake,4104.0,375.8,-2.5,37.9,62.1,163500.0,1036.0,1072.0,21.0,400.0,1351.0,466.0,23.0,16.0,1215.0,3.3,5.2,1980.0,2.6,2.7,2004.0,2012.0,0.0,0.0,0.511,0.178,0.126,0.079,0.389,0.007,0.415,0.553,0.191,0.153
382,Sierra Madre,4841.0,1639.6,-5.3,39.6,60.4,889300.0,1487.0,2686.0,20.0,1072.0,3402.0,643.0,25.0,12.0,5911.0,3.1,5.6,1954.0,2.8,2.1,2000.0,2011.0,0.393,0.071,0.155,0.446,0.167,0.226,0.32,0.635,0.014,0.064,0.914,0.0
383,Signal Hill,4556.0,2093.4,3.8,53.3,46.7,445700.0,1365.0,2047.0,21.0,856.0,2360.0,580.0,23.0,10.0,4005.0,3.3,4.4,1979.0,2.4,2.8,2005.0,2011.0,0.0,0.255,0.653,0.543,0.084,0.344,0.597,0.327,0.043,0.056,0.851,0.0
384,Simi Valley city-CA,43214.0,1041.9,1.7,28.2,71.8,508600.0,1837.0,2231.0,23.0,824.0,2523.0,573.0,26.0,11.0,4117.0,3.5,6.1,1979.0,3.0,2.9,2002.0,2012.0,0.224,0.39,0.263,0.267,0.408,0.066,0.174,0.75,0.028,0.039,0.835,0.041
385,Solana Beach,6665.0,1893.7,1.9,41.4,58.6,1103900.0,1990.0,2224.0,22.0,1393.0,3217.0,907.0,27.0,12.0,6414.0,3.1,4.9,1976.0,2.4,2.2,2000.0,2012.0,0.676,0.324,0.0,0.294,0.658,0.019,0.067,0.896,0.014,0.028,0.81,0.016
386,Soledad city-CA,4131.0,935.9,6.6,38.9,61.1,293600.0,1243.0,1342.0,21.0,797.0,1545.0,479.0,24.0,11.0,2451.0,5.0,5.2,1992.0,4.2,4.5,2006.0,2012.0,0.0,0.0,0.571,0.104,0.188,0.307,0.316,0.264,0.277,0.316,0.482,0.059
387,Solvang,2655.0,1094.7,6.8,42.0,58.0,658600.0,1484.0,1848.0,23.0,1039.0,2606.0,957.0,27.0,14.0,4188.0,2.9,5.4,1977.0,2.3,2.2,2003.0,2011.0,0.246,0.0,0.522,0.354,0.28,0.366,0.32,0.499,0.087,0.077,0.81,0.062
388,Sonoma city-CA,5594.0,2038.9,0.9,39.5,60.5,686700.0,1708.0,1637.0,22.0,1076.0,2639.0,841.0,27.0,14.0,5708.0,3.0,5.1,1979.0,2.3,2.1,2003.0,2012.0,0.119,0.254,0.627,0.415,0.36,0.024,0.263,0.601,0.054,0.018,0.936,0.0
389,Sonora,2439.0,771.2,-1.0,64.9,35.1,271000.0,911.0,1182.0,22.0,726.0,1498.0,488.0,30.0,11.0,1788.0,2.7,4.5,1962.0,2.2,2.0,2003.0,2011.0,0.0,0.0,0.223,0.091,0.019,0.312,0.318,0.048,0.464,0.378,0.422,0.074
390,South El Monte,5575.0,1960.8,18.3,52.7,47.3,389400.0,1187.0,1265.0,20.0,1393.0,1752.0,311.0,31.0,10.0,2359.0,4.6,4.8,1959.0,3.8,4.0,1996.0,2010.0,0.581,0.0,0.419,0.306,0.01,0.333,0.629,0.071,0.137,0.369,0.492,0.067
391,South Gate,24139.0,3335.9,-0.1,56.5,43.5,351000.0,1072.0,1599.0,26.0,1116.0,1837.0,414.0,31.0,10.0,3133.0,4.5,4.4,1951.0,4.3,3.8,1998.0,2010.0,0.186,0.033,0.505,0.232,0.009,0.588,0.682,0.126,0.157,0.292,0.592,0.062
392,South Lake Tahoe city-CA,17714.0,1743.8,17.4,54.0,46.0,374600.0,932.0,1423.0,24.0,919.0,1776.0,515.0,30.0,14.0,2339.0,3.3,4.5,1970.0,2.4,2.4,2002.0,2012.0,0.015,0.0,0.314,0.134,0.024,0.32,0.314,0.084,0.435,0.353,0.439,0.129
393,South Pasadena,11143.0,3272.1,0.2,54.5,45.5,928500.0,1556.0,2664.0,22.0,1256.0,3283.0,708.0,26.0,10.0,6009.0,3.3,5.1,1953.0,2.8,2.3,1999.0,2011.0,0.622,0.235,0.076,0.639,0.299,0.037,0.29,0.665,0.006,0.085,0.89,0.024
394,South San Francisco city-CA,21856.0,2381.5,0.2,38.9,61.1,697400.0,1751.0,2166.0,22.0,1319.0,2682.0,502.0,25.0,10.0,4605.0,3.7,5.0,1966.0,3.2,3.2,1998.0,2011.0,0.097,0.327,0.125,0.351,0.439,0.078,0.222,0.683,0.049,0.044,0.825,0.01
395,Stanton,11350.0,3664.5,0.6,52.3,47.7,339000.0,1355.0,1468.0,23.0,902.0,1904.0,540.0,28.0,12.0,2720.0,4.1,4.4,1971.0,3.3,3.7,2004.0,2011.0,0.601,0.344,0.0,0.684,0.061,0.142,0.591,0.299,0.01,0.249,0.659,0.0
396,Stockton city-CA,101764.0,1650.2,2.1,52.2,47.8,220600.0,1003.0,1310.0,21.0,547.0,1580.0,445.0,25.0,10.0,1975.0,3.9,5.2,1977.0,3.2,3.1,2004.0,2012.0,0.134,0.027,0.258,0.074,0.04,0.321,0.318,0.05,0.43,0.467,0.327,0.105
397,Suisun City,9448.0,2301.5,-0.1,39.0,61.0,293100.0,1639.0,1614.0,22.0,583.0,1806.0,447.0,24.0,10.0,2593.0,3.6,5.8,1984.0,3.0,3.4,2003.0,2012.0,0.053,0.566,0.0,0.428,0.079,0.258,0.443,0.282,0.145,0.119,0.759,0.022
398,Sunnyvale,58451.0,2658.9,4.8,53.3,46.7,968700.0,2147.0,2065.0,19.0,1009.0,3035.0,723.0,22.0,10.0,5761.0,3.3,4.6,1972.0,2.8,2.6,2002.0,2012.0,0.198,0.619,0.053,0.154,0.778,0.023,0.081,0.875,0.01,0.054,0.843,0.023
399,Susanville city-CA,3631.0,457.0,-14.7,53.0,47.0,168400.0,980.0,1103.0,20.0,325.0,1445.0,387.0,22.0,13.0,1477.0,3.3,4.9,1978.0,2.4,2.3,2004.0,2012.0,0.0,0.571,0.078,0.042,0.071,0.101,0.233,0.008,0.279,0.657,0.133,0.128
400,Sutter Creek,1339.0,510.5,-2.0,51.7,48.3,362600.0,1020.0,1085.0,21.0,731.0,1855.0,468.0,24.0,16.0,2265.0,2.9,5.1,1972.0,2.1,2.1,2001.0,2012.0,0.0,0.0,0.097,0.061,0.0,0.202,0.624,0.013,0.275,0.588,0.17,0.127
401,Taft,2774.0,181.7,9.9,41.4,58.6,150700.0,709.0,992.0,17.0,311.0,1235.0,419.0,17.0,16.0,1964.0,3.5,5.4,1970.0,3.0,2.5,2004.0,2012.0,0.0,0.0,0.0,0.0,0.0,0.064,0.0,0.163,0.488,0.208,0.618,0.056
402,Tehachapi city-CA,3707.0,375.4,4.7,33.5,66.5,187200.0,799.0,1211.0,20.0,397.0,1489.0,382.0,22.0,14.0,1525.0,3.5,5.1,1978.0,2.8,2.4,2005.0,2013.0,0.0,0.0,0.0,0.0,0.0,0.0,0.16,0.031,0.303,0.779,0.0,0.088
403,Tehama,220.0,277.0,12.8,29.9,70.1,170300.0,856.0,,14.0,333.0,1081.0,231.0,21.0,10.0,824.0,3.0,5.0,1973.0,2.2,3.4,2001.0,2012.0,0.0,0.0,0.0,0.0,0.0,0.0,0.129,0.0,0.581,0.417,0.042,0.167
404,Temecula,35776.0,961.4,5.2,35.8,64.2,394600.0,1716.0,1989.0,23.0,657.0,2190.0,592.0,24.0,12.0,3951.0,3.7,6.4,1997.0,3.4,3.2,2007.0,2013.0,0.085,0.714,0.201,0.617,0.08,0.213,0.458,0.386,0.07,0.047,0.886,0.004
405,Temple City,11891.0,2968.6,-1.9,35.9,64.1,661000.0,1398.0,1554.0,21.0,1296.0,2464.0,548.0,28.0,11.0,4646.0,3.8,5.0,1957.0,3.4,3.0,2001.0,2011.0,0.579,0.0,0.392,0.552,0.052,0.353,0.36,0.422,0.09,0.088,0.781,0.023
406,Thousand Oaks city-CA,47930.0,868.6,0.9,29.9,70.1,663600.0,1925.0,2366.0,22.0,868.0,2768.0,656.0,25.0,10.0,4694.0,3.3,6.2,1978.0,2.8,2.6,2001.0,2012.0,0.387,0.507,0.01,0.284,0.558,0.005,0.137,0.786,0.013,0.042,0.811,0.036
407,Torrance city-CA,58335.0,2848.6,-0.1,45.1,54.9,687900.0,1582.0,2063.0,21.0,1034.0,2717.0,547.0,25.0,10.0,4668.0,3.3,4.9,1962.0,2.7,2.5,1999.0,2012.0,0.281,0.179,0.364,0.624,0.214,0.104,0.221,0.704,0.024,0.094,0.803,0.008
408,Tracy city-CA,26359.0,1168.3,1.5,38.2,61.8,378900.0,1603.0,1938.0,23.0,692.0,2135.0,580.0,25.0,11.0,3632.0,3.9,6.2,1993.0,3.4,3.5,2005.0,2012.0,0.101,0.051,0.101,0.255,0.181,0.324,0.531,0.302,0.115,0.17,0.752,0.031
409,Trinidad,204.0,420.7,-19.0,33.9,66.1,425000.0,1167.0,710.0,21.0,705.0,2400.0,475.0,23.0,14.0,2636.0,2.7,4.2,1968.0,2.0,1.4,2008.0,2007.0,0.0,0.0,0.0,0.462,0.154,0.385,0.286,0.143,0.286,0.211,0.316,0.0
410,Tulare city-CA,19731.0,968.4,4.6,44.9,55.1,177500.0,975.0,1175.0,21.0,485.0,1366.0,1366.0,24.0,10.0,1519.0,4.0,5.3,1985.0,3.3,3.4,2004.0,2012.0,0.159,0.163,0.098,0.073,0.013,0.128,0.262,0.033,0.359,0.461,0.15,0.189
411,Tulelake,518.0,1264.1,18.5,58.4,41.6,78300.0,617.0,491.0,21.0,216.0,838.0,380.0,20.0,22.0,555.0,3.5,4.4,1964.0,2.5,3.0,1991.0,2010.0,,,0.0,,,0.4,,,0.126,,,0.149
412,Turlock city-CA,25974.0,1534.3,5.5,47.7,52.3,267100.0,1019.0,1295.0,21.0,599.0,1613.0,439.0,25.0,10.0,1996.0,3.6,5.2,1984.0,2.9,2.8,2004.0,2012.0,0.097,0.191,0.29,0.167,0.035,0.323,0.343,0.061,0.459,0.493,0.276,0.102
413,Tustin,27356.0,2460.3,3.3,51.9,48.1,585700.0,1696.0,2135.0,25.0,1157.0,2498.0,617.0,27.0,10.0,4777.0,3.7,4.6,1980.0,3.0,3.1,2004.0,2012.0,0.462,0.461,0.027,0.533,0.335,0.039,0.188,0.746,0.011,0.07,0.798,0.009
414,Twentynine Palms,10116.0,171.0,7.3,71.1,28.9,120900.0,928.0,894.0,18.0,298.0,1178.0,323.0,26.0,10.0,1265.0,3.4,4.7,1983.0,2.4,2.9,2003.0,2014.0,0.0,0.0,0.291,0.125,0.0,0.146,0.14,0.036,0.402,0.45,0.138,0.242
415,Ukiah city-CA,6336.0,1356.6,-2.3,58.0,42.0,293400.0,1056.0,1332.0,23.0,790.0,1763.0,366.0,28.0,10.0,2285.0,3.5,4.5,1970.0,2.8,2.5,2002.0,2012.0,0.0,0.458,0.419,0.096,0.096,0.221,0.382,0.121,0.238,0.608,0.278,0.011
416,Union City,22015.0,1134.8,3.6,34.3,65.7,620200.0,1883.0,2175.0,22.0,1112.0,2659.0,602.0,25.0,10.0,5471.0,3.9,5.3,1980.0,3.5,3.4,2002.0,2012.0,0.268,0.57,0.0,0.232,0.621,0.004,0.206,0.657,0.043,0.096,0.82,0.011
417,Upland,28225.0,1807.4,3.2,44.4,55.6,465200.0,1302.0,1805.0,23.0,916.0,2271.0,543.0,27.0,10.0,3063.0,3.4,5.4,1976.0,2.8,2.7,2002.0,2012.0,0.379,0.161,0.406,0.502,0.092,0.29,0.607,0.255,0.084,0.227,0.632,0.031
418,Vacaville city-CA,33812.0,1173.6,3.0,40.2,59.8,354600.0,1470.0,1848.0,22.0,644.0,2090.0,524.0,24.0,11.0,2975.0,3.4,5.8,1983.0,2.8,2.7,2004.0,2012.0,0.241,0.141,0.289,0.433,0.124,0.194,0.426,0.31,0.137,0.106,0.802,0.023
419,Vallejo city-CA,45026.0,1468.0,1.3,44.6,55.4,295600.0,1301.0,1535.0,22.0,609.0,1879.0,462.0,25.0,11.0,2286.0,3.6,5.2,1972.0,2.9,2.8,2002.0,2012.0,0.134,0.083,0.306,0.38,0.101,0.287,0.552,0.193,0.166,0.215,0.704,0.027
420,Vernon,37.0,7.4,27.6,37.5,62.5,1571400.0,925.0,4001.0,50.0,7619.0,,463.0,,10.0,10001.0,3.3,5.5,1983.0,3.0,3.5,2016.0,2013.0,0.0,0.0,0.0,0.0,0.0,0.5,0.4,0.2,0.2,0.0,0.0,0.333
421,Victorville,35572.0,485.1,-3.0,46.5,53.5,177600.0,1188.0,1257.0,23.0,451.0,1401.0,411.0,25.0,13.0,1865.0,4.2,5.8,1996.0,3.5,3.6,2006.0,2013.0,0.072,0.108,0.032,0.144,0.0,0.239,0.371,0.017,0.362,0.486,0.329,0.1
422,Villa Park,2071.0,996.3,2.7,5.5,94.5,1030800.0,2913.0,2698.0,24.0,1129.0,3944.0,872.0,29.0,14.0,6601.0,3.2,8.2,1974.0,2.9,3.2,1995.0,2009.0,0.0,0.0,,0.0,0.5,,0.0,0.0,,0.139,0.608,
423,Visalia city-CA,45037.0,1208.8,1.9,40.2,59.8,207400.0,958.0,1245.0,20.0,462.0,1481.0,414.0,23.0,10.0,1750.0,3.7,5.5,1984.0,3.0,3.2,2005.0,2012.0,0.201,0.033,0.245,0.102,0.018,0.212,0.212,0.017,0.477,0.486,0.257,0.151
424,Vista,31683.0,1696.1,2.2,50.8,49.2,423500.0,1442.0,1824.0,24.0,1156.0,2172.0,513.0,27.0,12.0,3314.0,3.9,5.1,1982.0,3.0,3.4,2004.0,2012.0,0.464,0.189,0.17,0.587,0.233,0.129,0.517,0.371,0.041,0.162,0.723,0.03
425,Walnut,9536.0,1060.5,8.9,16.1,83.9,703800.0,2163.0,2114.0,23.0,1205.0,2664.0,652.0,28.0,11.0,5076.0,3.6,6.7,1982.0,3.2,3.8,1997.0,2011.0,0.0,1.0,0.0,0.875,0.125,0.0,0.441,0.357,0.0,0.019,0.813,0.007
426,Walnut Creek,32687.0,1654.3,0.0,36.2,63.8,704900.0,1803.0,1711.0,22.0,837.0,2920.0,867.0,25.0,16.0,4844.0,2.9,5.1,1973.0,2.2,2.1,2003.0,2013.0,0.282,0.539,0.072,0.293,0.552,0.054,0.148,0.774,0.026,0.034,0.865,0.022
427,Wasco,5885.0,624.3,7.4,45.5,54.5,155800.0,698.0,1019.0,20.0,501.0,1153.0,395.0,24.0,14.0,1402.0,4.2,5.0,1987.0,4.0,3.6,2002.0,2012.0,0.0,0.0,0.194,0.027,0.0,0.044,0.127,0.047,0.255,0.367,0.011,0.19
428,Waterford,2477.0,1064.0,-7.1,35.2,64.8,168700.0,901.0,1232.0,23.0,395.0,1394.0,434.0,25.0,10.0,1884.0,4.1,5.4,1991.0,3.4,4.0,2004.0,2011.0,0.0,0.0,0.0,0.211,0.0,0.667,0.056,0.018,0.388,0.53,0.083,0.227
429,Watsonville city-CA,14529.0,2172.5,3.1,58.4,41.6,397900.0,1325.0,1554.0,21.0,1240.0,2018.0,451.0,25.0,11.0,2996.0,4.4,4.6,1974.0,3.6,3.9,2001.0,2010.0,0.115,0.232,0.144,0.371,0.117,0.171,0.5,0.308,0.057,0.207,0.59,0.103
430,Weed,1258.0,262.7,-1.2,53.0,47.0,125000.0,813.0,653.0,21.0,354.0,1174.0,291.0,27.0,16.0,918.0,3.3,4.9,1962.0,2.1,2.8,1996.0,,0.0,0.0,0.0,0.0,0.0,0.536,0.02,0.0,0.288,0.461,0.078,0.309
431,West Covina,32001.0,1994.9,-2.2,35.8,64.2,459500.0,1520.0,1858.0,23.0,1005.0,2158.0,484.0,26.0,10.0,3327.0,4.0,5.6,1965.0,3.5,3.4,1999.0,2012.0,0.348,0.274,0.304,0.542,0.134,0.198,0.365,0.541,0.041,0.114,0.727,0.039
432,West Hollywood,24851.0,13166.8,1.1,78.7,21.3,684200.0,1490.0,2301.0,24.0,1075.0,2849.0,844.0,26.0,16.0,5166.0,2.4,3.4,1962.0,1.6,1.6,2004.0,2011.0,0.425,0.213,0.21,0.37,0.446,0.036,0.227,0.632,0.065,0.208,0.634,0.024
433,West Sacramento,19067.0,887.0,2.1,46.2,53.8,304600.0,966.0,1580.0,22.0,606.0,1914.0,495.0,25.0,12.0,3039.0,3.7,5.2,1982.0,2.9,2.8,2005.0,2012.0,0.056,0.04,0.475,0.049,0.018,0.23,0.254,0.156,0.382,0.345,0.465,0.067
434,Westlake Village,3570.0,688.5,5.5,13.2,86.8,819900.0,2354.0,2489.0,22.0,774.0,3032.0,766.0,24.0,12.0,6152.0,3.0,6.7,1975.0,2.5,2.5,2000.0,2011.0,1.0,0.0,0.0,0.237,0.475,0.288,0.086,0.724,0.061,0.0,0.824,0.0
435,Westminster,28544.0,2842.5,3.2,47.1,52.9,546200.0,1427.0,1678.0,22.0,1257.0,2291.0,506.0,27.0,11.0,3709.0,3.9,5.1,1969.0,3.4,3.2,1999.0,2011.0,0.394,0.117,0.162,0.385,0.231,0.124,0.432,0.361,0.054,0.162,0.685,0.047
436,Westmorland,771.0,1306.6,13.7,56.5,43.5,105600.0,646.0,770.0,20.0,377.0,1075.0,343.0,24.0,17.0,1198.0,4.4,4.8,1981.0,3.6,3.5,1992.0,2009.0,0.0,0.0,0.0,0.0,0.0,0.0,0.0,0.0,0.189,0.22,0.04,0.293
437,Wheatland,1301.0,798.1,-1.7,37.6,62.4,211900.0,892.0,1627.0,22.0,405.0,1760.0,346.0,25.0,10.0,1676.0,3.4,5.5,1992.0,3.0,2.6,2005.0,2011.0,0.065,0.774,0.161,0.0,0.0,0.0,0.0,0.0,0.774,0.205,0.338,0.24
438,Whittier city-CA,29056.0,1983.5,-1.8,41.9,58.1,488200.0,1297.0,1984.0,24.0,995.0,2353.0,473.0,27.0,10.0,3600.0,3.7,5.1,1956.0,3.2,2.9,2000.0,2011.0,0.32,0.147,0.254,0.469,0.079,0.311,0.525,0.315,0.083,0.147,0.727,0.034
439,Wildomar,10422.0,440.0,-3.6,30.5,69.5,308100.0,1497.0,1511.0,23.0,687.0,1786.0,465.0,26.0,10.0,2401.0,4.1,6.2,1991.0,3.5,3.7,2005.0,2012.0,0.0,0.891,0.0,0.397,0.066,0.35,0.269,0.426,0.261,0.285,0.55,0.071
440,Williams,1508.0,277.0,1.4,34.6,65.4,162700.0,1012.0,1135.0,21.0,491.0,1439.0,402.0,25.0,10.0,1355.0,3.8,5.6,1990.0,3.4,3.8,2005.0,2011.0,0.0,0.0,0.0,0.243,0.0,0.457,0.108,0.0,0.591,0.731,0.067,0.063
441,Willits,2120.0,757.6,2.3,57.0,43.0,202600.0,898.0,856.0,26.0,554.0,1326.0,446.0,29.0,16.0,1885.0,3.3,4.8,1972.0,2.6,2.2,1998.0,2011.0,0.0,0.0,0.742,0.048,0.033,0.213,0.438,0.039,0.312,0.668,0.129,0.0
442,Willows,2305.0,809.7,-3.9,61.3,38.7,190600.0,747.0,1043.0,24.0,533.0,1212.0,412.0,27.0,10.0,1582.0,3.6,5.0,1970.0,3.4,2.3,2002.0,2012.0,0.0,0.0,0.0,0.094,0.0,0.073,0.124,0.0,0.385,0.558,0.057,0.158
443,Winters,2405.0,819.5,4.6,34.4,65.6,283600.0,998.0,1621.0,23.0,567.0,1741.0,459.0,24.0,18.0,2277.0,3.4,5.4,1982.0,3.0,3.0,2000.0,2011.0,0.0,0.0,0.0,0.0,0.0,0.797,0.177,0.057,0.503,0.244,0.537,0.076
444,Woodlake,2207.0,955.8,6.8,41.0,59.0,121300.0,629.0,871.0,19.0,465.0,1066.0,300.0,26.0,10.0,976.0,4.0,5.0,1980.0,3.7,3.5,1997.0,2012.0,0.0,0.0,0.0,0.0,0.0,0.0,0.026,0.0,0.269,0.066,0.107,0.149
445,Woodland city-CA,21031.0,1374.0,6.2,44.6,55.4,316500.0,1073.0,1451.0,21.0,698.0,1844.0,489.0,24.0,11.0,2484.0,3.4,5.2,1978.0,2.8,2.9,2003.0,2012.0,0.213,0.145,0.17,0.084,0.005,0.405,0.537,0.041,0.311,0.358,0.482,0.052
446,Yorba Linda,22797.0,1180.7,2.2,17.4,82.6,792700.0,1921.0,2669.0,22.0,960.0,3153.0,760.0,25.0,11.0,6104.0,3.4,6.8,1983.0,3.1,3.1,2002.0,2012.0,0.438,0.315,0.0,0.417,0.315,0.179,0.171,0.62,0.075,0.083,0.859,0.005
447,Yreka,3646.0,365.1,-0.8,48.0,52.0,149800.0,758.0,807.0,21.0,347.0,1164.0,411.0,25.0,15.0,1127.0,3.2,4.8,1974.0,2.2,2.4,2002.0,2011.0,0.0,0.408,0.0,0.0,0.089,0.044,0.159,0.0,0.332,0.402,0.012,0.298
448,Yuba City city-CA,23416.0,1568.8,1.0,48.0,52.0,230900.0,972.0,1222.0,20.0,594.0,1562.0,473.0,24.0,12.0,2194.0,3.6,5.4,1982.0,2.8,3.0,2004.0,2012.0,0.181,0.063,0.459,0.073,0.053,0.221,0.224,0.046,0.448,0.512,0.281,0.101
449,Yucaipa city-CA,19539.0,688.0,-0.5,27.6,72.4,275600.0,1033.0,1317.0,22.0,530.0,1808.0,470.0,24.0,14.0,2579.0,3.6,5.5,1975.0,2.9,2.9,2005.0,2012.0,0.0,0.74,0.0,0.145,0.037,0.331,0.351,0.052,0.349,0.44,0.382,0.054
450,Avalon,2107.0,717.9,-7.0,80.0,20.0,680300.0,1425.0,1813.0,26.0,1969.0,3148.0,,36.0,11.0,5875.0,3.8,3.7,1961.0,1.9,3.1,2000.0,2011.0,0.392,0.0,0.0,0.364,0.216,0.234,0.362,0.531,0.017,0.102,0.548,0.198
451,Chowchilla city-CA,4087.0,367.0,-1.6,49.5,50.5,157000.0,944.0,938.0,20.0,419.0,1323.0,407.0,25.0,10.0,1245.0,4.0,5.4,1984.0,3.3,3.3,2007.0,,0.0,0.0,0.0,0.069,0.0,0.151,0.2,0.012,0.356,0.455,0.143,0.251
452,Coachella,13660.0,471.8,37.9,34.0,66.0,183800.0,897.0,1325.0,33.0,682.0,1446.0,497.0,38.0,16.0,2591.0,4.5,5.3,2000.0,3.3,3.8,2006.0,2012.0,0.353,0.0,0.647,0.132,0.026,0.045,0.082,0.047,0.315,0.343,0.202,0.301
